grid_w,grid_h,cell_mm,n_agents,occupancy,seed,success_rate,arrived,makespan,flowtime,mean_detour,mean_plan_ms,deadlocks
4,4,500,2,0.125,0,1.0,2,6,7,1.0,0.017803410155465826,0
4,4,500,2,0.125,1,1.0,2,3,5,1.0,0.012825360245187767,0
4,4,500,2,0.125,2,1.0,2,4,5,1.0,0.012798990137525834,0
4,4,500,2,0.125,3,0.5,1,1,1,1.0,0.017123399520642124,1
4,4,500,2,0.125,4,1.0,2,4,5,1.0,0.012222859877510928,0
4,4,500,2,0.125,5,1.0,2,5,9,1.3333333333333335,0.01697255967883393,0
4,4,500,2,0.125,6,1.0,2,6,10,1.25,0.012006499746348709,0
4,4,500,2,0.125,7,1.0,2,3,5,1.0,0.012855299937655218,0
4,4,500,2,0.125,8,1.0,2,5,7,1.0,0.022117279731901363,0
4,4,500,2,0.125,9,1.0,2,2,4,1.0,0.025347949485876597,0
4,4,500,2,0.125,10,1.0,2,5,7,1.0,0.02005311027460266,0
4,4,500,2,0.125,11,1.0,2,4,6,1.0,0.014634940162068233,0
4,4,500,2,0.125,12,1.0,2,3,4,1.0,0.013110830113873817,0
4,4,500,2,0.125,13,1.0,2,3,5,1.0,0.014826369879301637,0
4,4,500,2,0.125,14,1.0,2,2,3,1.0,0.01227272950927727,0
4,4,500,2,0.125,15,1.0,2,2,4,1.0,0.015785720315761864,0
4,4,500,2,0.125,16,1.0,2,3,4,1.0,0.012004239397356287,0
4,4,500,2,0.125,17,1.0,2,3,4,1.0,0.014530899861711077,0
4,4,500,2,0.125,18,1.0,2,3,4,1.0,0.013085049504297785,0
4,4,500,2,0.125,19,1.0,2,2,3,1.0,0.01199253965751268,0
4,4,500,2,0.125,20,1.0,2,4,6,1.0,0.01192215975606814,0
4,4,500,2,0.125,21,1.0,2,2,3,1.0,0.021482519659912214,0
4,4,500,2,0.125,22,1.0,2,4,5,1.0,0.01960529996722471,0
4,4,500,2,0.125,23,1.0,2,5,8,1.0,0.012682289889198728,0
4,4,500,2,0.125,24,1.0,2,5,8,1.0,0.013651499830302782,0
4,4,500,2,0.125,25,1.0,2,3,6,1.0,0.01111323967052158,0
4,4,500,2,0.125,26,1.0,2,2,3,1.0,0.013566639900091104,0
4,4,500,2,0.125,27,1.0,2,4,8,1.0,0.013676180169568397,0
4,4,500,2,0.125,28,1.0,2,4,7,1.0,0.01389740988088306,0
4,4,500,2,0.125,29,1.0,2,3,4,1.0,0.012941869936184958,0
4,4,500,3,0.1875,0,1.0,3,5,12,1.0,0.01881374031654559,0
4,4,500,3,0.1875,1,1.0,3,3,8,1.0,0.021619390172418207,0
4,4,500,3,0.1875,2,1.0,3,4,9,1.0,0.019551180084818043,0
4,4,500,3,0.1875,3,0.6666666666666666,2,1,2,1.0,0.024572399343014695,1
4,4,500,3,0.1875,4,1.0,3,5,9,1.0,0.017982319914153777,0
4,4,500,3,0.1875,5,1.0,3,3,7,1.0,0.017929859459400177,0
4,4,500,3,0.1875,6,1.0,3,6,12,1.1666666666666667,0.017541969573358074,0
4,4,500,3,0.1875,7,1.0,3,5,12,1.2222222222222223,0.01766892019077204,0
4,4,500,3,0.1875,8,1.0,3,5,10,1.2222222222222223,0.018559699747129343,0
4,4,500,3,0.1875,9,1.0,3,5,11,1.2222222222222223,0.017729939354467206,0
4,4,500,3,0.1875,10,0.6666666666666666,2,2,3,1.0,0.020491870163823478,1
4,4,500,3,0.1875,11,1.0,3,4,7,1.0,0.01814936986193061,0
4,4,500,3,0.1875,12,1.0,3,3,5,1.0,0.01982168003451079,0
4,4,500,3,0.1875,13,1.0,3,3,8,1.0,0.018709689829847775,0
4,4,500,3,0.1875,14,1.0,3,2,4,1.0,0.01947494012711104,0
4,4,500,3,0.1875,15,1.0,3,5,9,1.0,0.019067700268351473,0
4,4,500,3,0.1875,16,1.0,3,4,7,1.0,0.018922069793916307,0
4,4,500,3,0.1875,17,1.0,3,3,8,1.0,0.018157279773731716,0
4,4,500,3,0.1875,18,1.0,3,3,7,1.0,0.017937369557330385,0
4,4,500,3,0.1875,19,1.0,3,4,7,1.0,0.017054239942808636,0
4,4,500,3,0.1875,20,1.0,3,4,8,1.0,0.01809027948183939,0
4,4,500,3,0.1875,21,1.0,3,4,9,1.6666666666666667,0.019063870204263367,0
4,4,500,3,0.1875,22,1.0,3,5,10,1.0,0.017931700058397837,0
4,4,500,3,0.1875,23,1.0,3,5,9,1.0,0.019174159824615344,0
4,4,500,3,0.1875,24,1.0,3,5,11,1.0,0.01981055029318668,0
4,4,500,3,0.1875,25,1.0,3,3,7,1.0,0.017702290060697123,0
4,4,500,3,0.1875,26,1.0,3,5,9,1.0,0.021324429762898944,0
4,4,500,3,0.1875,27,1.0,3,3,7,1.0,0.018494270407245494,0
4,4,500,3,0.1875,28,1.0,3,3,7,1.0,0.018698260028031655,0
4,4,500,3,0.1875,29,1.0,3,3,5,1.0,0.01997443992877379,0
4,4,500,4,0.25,0,1.0,4,3,6,1.0,0.02420285985863302,0
4,4,500,4,0.25,1,1.0,4,5,13,1.0,0.02526907999708783,0
4,4,500,4,0.25,2,1.0,4,2,6,1.0,0.025271290505770594,0
4,4,500,4,0.25,3,1.0,4,2,6,1.0,0.024744949623709545,0
4,4,500,4,0.25,4,1.0,4,5,13,1.0,0.02393517963355407,0
4,4,500,4,0.25,5,1.0,4,3,8,1.0,0.02306828995642718,0
4,4,500,4,0.25,6,0.75,3,7,11,1.1333333333333333,0.030311090158647858,1
4,4,500,4,0.25,7,1.0,4,5,16,1.1666666666666667,0.02434729009110015,0
4,4,500,4,0.25,8,1.0,4,3,8,1.0,0.024617719755042344,0
4,4,500,4,0.25,9,1.0,4,4,12,1.0,0.024777170110610314,0
4,4,500,4,0.25,10,0.75,3,2,4,1.0,0.026564929576124996,1
4,4,500,4,0.25,11,1.0,4,4,9,1.0,0.025569390272721648,0
4,4,500,4,0.25,12,1.0,4,3,7,1.0,0.02524061026633717,0
4,4,500,4,0.25,13,1.0,4,3,9,1.0,0.025091069983318448,0
4,4,500,4,0.25,14,1.0,4,2,6,1.0,0.025459049429628067,0
4,4,500,4,0.25,15,1.0,4,5,14,1.0,0.02527193988498766,0
4,4,500,4,0.25,16,1.0,4,3,8,1.0,0.023727920415694825,0
4,4,500,4,0.25,17,1.0,4,5,11,1.0,0.023950949835125357,0
4,4,500,4,0.25,18,1.0,4,2,6,1.0,0.02492937033821363,0
4,4,500,4,0.25,19,1.0,4,5,13,1.1666666666666667,0.02617289988847915,0
4,4,500,4,0.25,20,1.0,4,4,9,1.0,0.02621464002004359,0
4,4,500,4,0.25,21,1.0,4,4,9,1.0,0.02599233055661898,0
4,4,500,4,0.25,22,1.0,4,5,12,1.0,0.024671980063430965,0
4,4,500,4,0.25,23,1.0,4,3,10,1.0,0.024913620072766207,0
4,4,500,4,0.25,24,1.0,4,6,17,1.125,0.02918564001447521,0
4,4,500,4,0.25,25,1.0,4,4,8,1.0,0.027612170306383632,0
4,4,500,4,0.25,26,1.0,4,6,14,1.25,0.024775520141702145,0
4,4,500,4,0.25,27,1.0,4,5,16,1.1666666666666667,0.025398719662916847,0
4,4,500,4,0.25,28,1.0,4,3,9,1.0,0.024997209911816753,0
4,4,500,4,0.25,29,1.0,4,3,7,1.0,0.028805869951611385,0
4,4,500,5,0.3125,0,1.0,5,4,14,1.0,0.03300951044366229,0
4,4,500,5,0.3125,1,1.0,5,5,17,2.0,0.033169360540341586,0
4,4,500,5,0.3125,2,1.0,5,5,15,1.0,0.03224522020900622,0
4,4,500,5,0.3125,3,1.0,5,3,9,1.4,0.033651469711912796,0
4,4,500,5,0.3125,4,1.0,5,5,14,1.1333333333333333,0.033566160054760985,0
4,4,500,5,0.3125,5,1.0,5,4,12,1.0,0.03231686001527123,0
4,4,500,5,0.3125,6,1.0,5,8,21,1.8,0.03208049965905957,0
4,4,500,5,0.3125,7,1.0,5,7,24,1.58,0.032267289934679866,0
4,4,500,5,0.3125,8,1.0,5,5,18,1.8,0.03129884978989139,0
4,4,500,5,0.3125,9,1.0,5,4,11,1.0,0.03070938000746537,0
4,4,500,5,0.3125,10,1.0,5,4,14,1.6,0.031157259945757687,0
4,4,500,5,0.3125,11,1.0,5,2,8,1.0,0.032227359915850684,0
4,4,500,5,0.3125,12,1.0,5,3,9,1.0,0.03186546957294922,0
4,4,500,5,0.3125,13,1.0,5,6,21,1.3,0.033778610013541766,0
4,4,500,5,0.3125,14,1.0,5,3,9,1.0,0.028975650056963786,0
4,4,500,5,0.3125,15,1.0,5,7,20,1.08,0.028389759754645638,0
4,4,500,5,0.3125,16,1.0,5,5,15,1.6,0.03165285008435603,0
4,4,500,5,0.3125,17,1.0,5,6,23,1.5,0.0318035896634683,0
4,4,500,5,0.3125,18,1.0,5,4,12,1.2,0.030486279720207676,0
4,4,500,5,0.3125,19,1.0,5,5,16,1.1333333333333333,0.03272915993875358,0
4,4,500,5,0.3125,20,1.0,5,4,16,1.2,0.033382039473508485,0
4,4,500,5,0.3125,21,1.0,5,4,10,1.0,0.031078519896254875,0
4,4,500,5,0.3125,22,1.0,5,2,8,1.0,0.03304969985038042,0
4,4,500,5,0.3125,23,1.0,5,3,9,1.0,0.033602729672566056,0
4,4,500,5,0.3125,24,1.0,5,7,25,1.3466666666666667,0.03770092975173611,0
4,4,500,5,0.3125,25,0.8,4,4,9,1.0,0.0347550398146268,1
4,4,500,5,0.3125,26,1.0,5,8,17,1.0666666666666667,0.031057310188771226,0
4,4,500,5,0.3125,27,1.0,5,6,16,1.1,0.03838638062006794,0
4,4,500,5,0.3125,28,1.0,5,3,12,1.0,0.031214780174195766,0
4,4,500,5,0.3125,29,1.0,5,3,9,1.0,0.035899119975510985,0
4,4,500,6,0.375,0,1.0,6,4,16,1.0,0.037095979787409306,0
4,4,500,6,0.375,1,1.0,6,4,17,1.3333333333333333,0.03727176030224655,0
4,4,500,6,0.375,2,1.0,6,5,19,1.0,0.04196804977254942,0
4,4,500,6,0.375,3,1.0,6,5,14,1.3333333333333333,0.037728039460489526,0
4,4,500,6,0.375,4,1.0,6,5,21,1.1111111111111112,0.03870098982588388,0
4,4,500,6,0.375,5,1.0,6,4,14,1.0,0.06803170981584117,0
4,4,500,6,0.375,6,0.8333333333333334,5,6,19,1.4,0.07707942982960958,1
4,4,500,6,0.375,7,1.0,6,6,22,1.1111111111111112,0.04792685002030339,0
4,4,500,6,0.375,8,0.8333333333333334,5,8,21,1.2,0.05047053040470928,1
4,4,500,6,0.375,9,1.0,6,9,26,1.55,0.048725749729783274,0
4,4,500,6,0.375,10,1.0,6,4,15,1.0,0.037256159994285554,0
4,4,500,6,0.375,11,1.0,6,6,16,1.6666666666666667,0.042761499717016704,0
4,4,500,6,0.375,12,1.0,6,6,26,1.2,0.04695289004303049,0
4,4,500,6,0.375,13,1.0,6,6,22,1.25,0.04125116036448162,0
4,4,500,6,0.375,14,0.6666666666666666,4,3,7,1.0,0.039996710474952124,2
4,4,500,6,0.375,15,1.0,6,4,11,1.0,0.03629158985859249,0
4,4,500,6,0.375,16,1.0,6,4,19,1.1666666666666667,0.04175418951490428,0
4,4,500,6,0.375,17,1.0,6,4,16,1.0,0.039979640423553064,0
4,4,500,6,0.375,18,1.0,6,6,28,1.9722222222222223,0.04079546037246473,0
4,4,500,6,0.375,19,1.0,6,8,19,1.1666666666666667,0.04164314996160101,0
4,4,500,6,0.375,20,1.0,6,6,15,1.3333333333333333,0.04238629000610672,0
4,4,500,6,0.375,21,1.0,6,4,14,1.0,0.046598780318163335,0
4,4,500,6,0.375,22,1.0,6,4,18,1.0,0.0417234002816258,0
4,4,500,6,0.375,23,1.0,6,4,15,1.3333333333333333,0.04577936037094332,0
4,4,500,6,0.375,24,1.0,6,6,18,1.0833333333333333,0.04428270003700163,0
4,4,500,6,0.375,25,0.8333333333333334,5,6,22,1.2333333333333334,0.04028253038995899,1
4,4,500,6,0.375,26,1.0,6,8,19,1.0555555555555556,0.03671188991575036,0
4,4,500,6,0.375,27,1.0,6,7,28,1.388888888888889,0.04000084052677266,0
4,4,500,6,0.375,28,0.8333333333333334,5,5,18,1.2,0.04499597998801619,1
4,4,500,6,0.375,29,0.8333333333333334,5,3,9,1.0,0.039522209772258066,1
4,4,500,7,0.4375,0,1.0,7,6,20,1.380952380952381,0.04493408996495418,0
4,4,500,7,0.4375,1,0.8571428571428571,6,7,20,1.1777777777777778,0.048928639880614355,1
4,4,500,7,0.4375,2,1.0,7,5,23,1.0952380952380953,0.04473703942494467,0
4,4,500,7,0.4375,3,1.0,7,6,23,1.5714285714285714,0.043760329790529795,0
4,4,500,7,0.4375,4,0.8571428571428571,6,6,18,1.3333333333333333,0.05222247986239381,1
4,4,500,7,0.4375,5,1.0,7,6,24,1.2857142857142858,0.04468835024454165,0
4,4,500,7,0.4375,6,1.0,7,7,33,1.1142857142857143,0.044436549724196084,0
4,4,500,7,0.4375,7,0.8571428571428571,6,5,17,1.1111111111111112,0.0544679700396955,1
4,4,500,7,0.4375,8,0.7142857142857143,5,5,17,1.1333333333333333,0.052545430007739924,2
4,4,500,7,0.4375,9,0.7142857142857143,5,5,17,2.2,0.05584708967944607,2
4,4,500,7,0.4375,10,0.7142857142857143,5,5,18,1.2666666666666668,0.04686653963290155,2
4,4,500,7,0.4375,11,1.0,7,7,21,1.6785714285714286,0.04883571986283641,0
4,4,500,7,0.4375,12,1.0,7,6,23,1.2857142857142858,0.042100780265172943,0
4,4,500,7,0.4375,13,1.0,7,7,27,1.1904761904761905,0.04318182996939868,0
4,4,500,7,0.4375,14,1.0,7,6,22,1.2142857142857142,0.04453884990653023,0
4,4,500,7,0.4375,15,1.0,7,6,19,1.2857142857142858,0.04289749980671331,0
4,4,500,7,0.4375,16,0.8571428571428571,6,6,22,1.75,0.05095031956443563,1
4,4,500,7,0.4375,17,1.0,7,4,17,1.0,0.042966039836755954,0
4,4,500,7,0.4375,18,1.0,7,8,28,1.4285714285714286,0.04655441007344052,0
4,4,500,7,0.4375,19,0.8571428571428571,6,7,22,1.2222222222222223,0.09037209987582173,1
4,4,500,7,0.4375,20,1.0,7,6,16,1.0,0.0459569001395721,0
4,4,500,7,0.4375,21,1.0,7,6,19,1.6428571428571428,0.051721569907385856,0
4,4,500,7,0.4375,22,0.7142857142857143,5,5,16,1.8,0.05464178007969167,2
4,4,500,7,0.4375,23,1.0,7,3,12,1.0,0.04863449059484992,0
4,4,500,7,0.4375,24,1.0,7,4,20,1.1428571428571428,0.05523088977497537,0
4,4,500,7,0.4375,25,1.0,7,4,18,1.0,0.04827260003366973,0
4,4,500,7,0.4375,26,1.0,7,6,23,1.2142857142857142,0.04752793931402266,0
4,4,500,7,0.4375,27,0.8571428571428571,6,5,19,1.0,0.0687224701687228,1
4,4,500,7,0.4375,28,0.7142857142857143,5,5,12,1.4,0.057580959546612576,2
4,4,500,7,0.4375,29,0.8571428571428571,6,5,15,1.1111111111111112,0.05133293059770949,1
4,4,500,8,0.5,0,0.75,6,6,17,1.1666666666666667,0.07237812998937443,2
4,4,500,8,0.5,1,1.0,8,6,27,1.0625,0.05516305020137224,0
4,4,500,8,0.5,2,1.0,8,6,32,1.5,0.05555334020755254,0
4,4,500,8,0.5,3,0.875,7,4,17,1.1428571428571428,0.06452112036640756,1
4,4,500,8,0.5,4,1.0,8,4,15,1.125,0.05343444994650781,0
4,4,500,8,0.5,5,1.0,8,7,31,1.1666666666666667,0.05500889972609002,0
4,4,500,8,0.5,6,0.75,6,3,10,1.0,0.07387034012936056,2
4,4,500,8,0.5,7,0.875,7,5,25,1.1904761904761905,0.059036090242443606,1
4,4,500,8,0.5,8,1.0,8,5,22,1.5,0.05445074988529086,0
4,4,500,8,0.5,9,0.875,7,4,21,1.2857142857142858,0.05825254964292981,1
4,4,500,8,0.5,10,1.0,8,7,32,1.1333333333333333,0.04867712006671354,0
4,4,500,8,0.5,11,1.0,8,7,31,1.4791666666666667,0.055808779725339264,0
4,4,500,8,0.5,12,1.0,8,7,20,1.0208333333333333,0.05245886983175296,0
4,4,500,8,0.5,13,1.0,8,6,30,1.0625,0.05151734956598375,0
4,4,500,8,0.5,14,1.0,8,8,37,1.3625,0.053001990090706386,0
4,4,500,8,0.5,15,1.0,8,5,22,1.375,0.05153719968802761,0
4,4,500,8,0.5,16,0.875,7,3,11,1.0,0.057970179768744856,1
4,4,500,8,0.5,17,0.875,7,5,20,1.0952380952380953,0.0559166901075514,1
4,4,500,8,0.5,18,1.0,8,8,46,2.34375,0.04931727016810328,0
4,4,500,8,0.5,19,1.0,8,8,26,1.4583333333333333,0.05810925977129955,0
4,4,500,8,0.5,20,1.0,8,7,23,1.75,0.05995618972519878,0
4,4,500,8,0.5,21,1.0,8,10,38,1.5,0.052372919672052376,0
4,4,500,8,0.5,22,0.875,7,11,39,1.9333333333333333,0.061966319699422456,1
4,4,500,8,0.5,23,1.0,8,5,18,1.0,0.055605719608138315,0
4,4,500,8,0.5,24,0.875,7,8,31,1.238095238095238,0.05683199975464959,1
4,4,500,8,0.5,25,0.75,6,5,16,1.1111111111111112,0.0721375597640872,2
4,4,500,8,0.5,26,1.0,8,4,20,1.125,0.05651977022353094,0
4,4,500,8,0.5,27,0.75,6,6,20,1.5833333333333333,0.06992844995693304,2
4,4,500,8,0.5,28,0.75,6,6,20,1.1944444444444444,0.06506901983811986,2
4,4,500,8,0.5,29,1.0,8,9,28,1.1,0.05216358993493486,0
4,4,500,9,0.5625,0,0.7777777777777778,7,8,30,1.4523809523809523,0.06944979024410713,2
4,4,500,9,0.5625,1,1.0,9,5,29,1.074074074074074,0.05737732986744959,0
4,4,500,9,0.5625,2,0.8888888888888888,8,4,20,1.125,0.06965984983253293,1
4,4,500,9,0.5625,3,0.8888888888888888,8,4,23,1.25,0.06563769980857614,1
4,4,500,9,0.5625,4,0.8888888888888888,8,8,33,1.5416666666666667,0.0639604807656724,1
4,4,500,9,0.5625,5,0.8888888888888888,8,7,22,1.1125,0.06755514026735909,1
4,4,500,9,0.5625,6,0.8888888888888888,8,6,27,1.3333333333333333,0.06814028965891339,1
4,4,500,9,0.5625,7,1.0,9,7,33,1.3333333333333333,0.05746313989220653,0
4,4,500,9,0.5625,8,0.8888888888888888,8,5,24,1.8333333333333333,0.06602542991458904,1
4,4,500,9,0.5625,9,1.0,9,9,37,1.6074074074074074,0.060894049966009334,0
4,4,500,9,0.5625,10,0.8888888888888888,8,8,35,1.3541666666666667,0.06064599991077557,1
4,4,500,9,0.5625,11,1.0,9,6,26,1.2777777777777777,0.057550290221115574,0
4,4,500,9,0.5625,12,0.8888888888888888,8,6,21,1.0833333333333333,0.06704210041789338,1
4,4,500,9,0.5625,13,0.5555555555555556,5,4,14,1.4,0.0765763900562888,4
4,4,500,9,0.5625,14,1.0,9,4,21,1.0,0.06103921012254432,0
4,4,500,9,0.5625,15,1.0,9,12,51,1.7222222222222223,0.0607543699152302,0
4,4,500,9,0.5625,16,0.7777777777777778,7,5,17,1.0952380952380953,0.06682592975266743,2
4,4,500,9,0.5625,17,0.8888888888888888,8,6,30,1.3958333333333333,0.06800560964620672,1
4,4,500,9,0.5625,18,0.6666666666666666,6,7,23,1.611111111111111,0.0742784104659222,3
4,4,500,9,0.5625,19,1.0,9,7,35,1.8407407407407408,0.06404377971193753,0
4,4,500,9,0.5625,20,0.8888888888888888,8,6,29,1.2083333333333333,0.06965720051084645,1
4,4,500,9,0.5625,21,1.0,9,8,34,1.2962962962962963,0.05777216065325774,0
4,4,500,9,0.5625,22,0.5555555555555556,5,3,9,1.0,0.07274503928783815,4
4,4,500,9,0.5625,23,1.0,9,5,25,1.4074074074074074,0.055926920103956945,0
4,4,500,9,0.5625,24,0.6666666666666666,6,4,12,1.25,0.0714496495493222,3
4,4,500,9,0.5625,25,1.0,9,9,52,2.6666666666666665,0.0583840801846236,0
4,4,500,9,0.5625,26,1.0,9,6,31,1.574074074074074,0.06421803023840766,0
4,4,500,9,0.5625,27,0.8888888888888888,8,5,26,1.3333333333333333,0.07073435961501673,1
4,4,500,9,0.5625,28,1.0,9,9,33,1.2777777777777777,0.06204966033692472,0
4,4,500,9,0.5625,29,1.0,9,7,33,1.1185185185185185,0.0612189200182911,0
4,4,500,10,0.625,0,0.9,9,4,20,1.1111111111111112,0.08103535015834495,1
4,4,500,10,0.625,1,1.0,10,10,56,1.7066666666666666,0.07298718010133598,0
4,4,500,10,0.625,2,1.0,10,4,24,1.2,0.06800219969591126,0
4,4,500,10,0.625,3,0.9,9,4,25,1.2222222222222223,0.07133324004826136,1
4,4,500,10,0.625,4,0.9,9,5,26,1.3703703703703705,0.07072163993143477,1
4,4,500,10,0.625,5,0.9,9,6,22,1.0222222222222221,0.068497950269375,1
4,4,500,10,0.625,6,0.8,8,8,31,1.5666666666666667,0.07517375008319505,2
4,4,500,10,0.625,7,0.9,9,9,37,1.4592592592592593,0.07845728985557798,1
4,4,500,10,0.625,8,0.9,9,8,43,2.674074074074074,0.08076630991126876,1
4,4,500,10,0.625,9,1.0,10,9,39,1.5466666666666666,0.06588462987565435,0
4,4,500,10,0.625,10,1.0,10,6,41,1.5166666666666666,0.06977641023695469,0
4,4,500,10,0.625,11,1.0,10,6,29,1.25,0.06620123007451184,0
4,4,500,10,0.625,12,0.8,8,3,13,1.25,0.07385228003840894,2
4,4,500,10,0.625,13,0.6,6,4,19,1.5,0.0826394999603508,4
4,4,500,10,0.625,14,1.0,10,8,38,1.9333333333333331,0.0659761305723805,0
4,4,500,10,0.625,15,1.0,10,10,53,1.6,0.07073656030115671,0
4,4,500,10,0.625,16,0.9,9,5,27,1.2962962962962963,0.07234933989821002,1
4,4,500,10,0.625,17,0.8,8,6,24,1.1041666666666667,0.08346129034180194,2
4,4,500,10,0.625,18,1.0,10,10,50,1.4916666666666667,0.07123845025489572,0
4,4,500,10,0.625,19,0.9,9,5,26,1.2777777777777777,0.07634641078766435,1
4,4,500,10,0.625,20,1.0,10,11,53,2.566666666666667,0.06888787982461508,0
4,4,500,10,0.625,21,1.0,10,7,45,1.5083333333333333,0.06849650017102249,0
4,4,500,10,0.625,22,0.9,9,8,35,1.425925925925926,0.08094477030681446,1
4,4,500,10,0.625,23,0.8,8,6,21,1.1875,0.07104629046807531,2
4,4,500,10,0.625,24,0.6,6,3,11,1.25,0.0926606100256322,4
4,4,500,10,0.625,25,0.7,7,4,18,1.2857142857142858,0.0858586798858596,3
4,4,500,10,0.625,26,0.9,9,8,28,1.3333333333333333,0.07995434978511184,1
4,4,500,10,0.625,27,0.8,8,6,25,1.4791666666666667,0.07893644040450454,2
4,4,500,10,0.625,28,1.0,10,9,36,1.25,0.07158066968258936,0
4,4,500,10,0.625,29,0.2,2,4,5,1.0,0.08039931009989232,8
4,4,500,11,0.6875,0,0.9090909090909091,10,6,26,1.1833333333333333,0.08132500013743993,1
4,4,500,11,0.6875,1,0.9090909090909091,10,8,49,1.7333333333333332,0.08278794935904443,1
4,4,500,11,0.6875,2,1.0,11,7,27,1.096969696969697,0.08761394041357562,0
4,4,500,11,0.6875,3,0.9090909090909091,10,12,61,1.8,0.08983940992038697,1
4,4,500,11,0.6875,4,0.8181818181818182,9,7,30,1.3703703703703705,0.08562414048356004,2
4,4,500,11,0.6875,5,0.9090909090909091,10,8,39,1.4333333333333333,0.08299973975226749,1
4,4,500,11,0.6875,6,1.0,11,6,31,1.1363636363636365,0.0804603401775239,0
4,4,500,11,0.6875,7,0.9090909090909091,10,11,40,1.2866666666666666,0.0878956493397709,1
4,4,500,11,0.6875,8,0.9090909090909091,10,5,34,1.7666666666666668,0.08498471936036367,1
4,4,500,11,0.6875,9,0.9090909090909091,10,10,36,1.75,0.08575325009587687,1
4,4,500,11,0.6875,10,0.9090909090909091,10,6,28,1.3333333333333335,0.09509241979685612,1
4,4,500,11,0.6875,11,1.0,11,8,34,1.3181818181818181,0.07784925022860989,0
4,4,500,11,0.6875,12,0.8181818181818182,9,7,29,1.5925925925925926,0.08857727931172121,2
4,4,500,11,0.6875,13,0.9090909090909091,10,13,52,2.416666666666667,0.08806763005850371,1
4,4,500,11,0.6875,14,1.0,11,8,51,2.484848484848485,0.08412820970988832,0
4,4,500,11,0.6875,15,0.9090909090909091,10,7,45,1.5416666666666667,0.08085310983005911,1
4,4,500,11,0.6875,16,0.7272727272727273,8,4,19,1.25,0.08308990029036067,3
4,4,500,11,0.6875,17,0.9090909090909091,10,8,47,2.4899999999999998,0.08794077970378567,1
4,4,500,11,0.6875,18,1.0,11,9,47,2.401515151515152,0.08832716986944433,0
4,4,500,11,0.6875,19,1.0,11,9,53,1.6666666666666665,0.10641322980518453,0
4,4,500,11,0.6875,20,1.0,11,8,47,1.596969696969697,0.0828018303582212,0
4,4,500,11,0.6875,21,1.0,11,9,52,1.6272727272727272,0.07638411974767223,0
4,4,500,11,0.6875,22,0.9090909090909091,10,7,34,1.2,0.07918633076769765,1
4,4,500,11,0.6875,23,0.8181818181818182,9,7,34,1.488888888888889,0.08190189910237677,2
4,4,500,11,0.6875,24,0.7272727272727273,8,6,20,1.3541666666666667,0.08342489032656886,3
4,4,500,11,0.6875,25,0.8181818181818182,9,9,38,1.7111111111111112,0.10924298039753921,2
4,4,500,11,0.6875,26,0.9090909090909091,10,7,41,1.9,0.08190766049665399,1
4,4,500,11,0.6875,27,0.8181818181818182,9,5,24,1.5185185185185184,0.09015075971547049,2
4,4,500,11,0.6875,28,0.9090909090909091,10,8,31,1.3666666666666667,0.08551779930712655,1
4,4,500,11,0.6875,29,0.9090909090909091,10,6,25,1.05,0.08495890026097186,1
4,4,500,12,0.75,0,0.9166666666666666,11,14,38,1.4545454545454546,0.11741602997062728,1
4,4,500,12,0.75,1,1.0,12,9,48,1.6833333333333333,0.09067363978829235,0
4,4,500,12,0.75,2,0.9166666666666666,11,7,43,1.6575757575757577,0.099734670293401,1
4,4,500,12,0.75,3,0.8333333333333334,10,11,43,2.1333333333333333,0.10009052981331479,2
4,4,500,12,0.75,4,0.9166666666666666,11,8,42,1.4757575757575758,0.09694980952190235,1
4,4,500,12,0.75,5,0.9166666666666666,11,9,52,1.468181818181818,0.09661050040449481,1
4,4,500,12,0.75,6,1.0,12,11,50,1.375,0.08543131029000506,0
4,4,500,12,0.75,7,1.0,12,18,74,1.8208333333333335,0.09152938939223532,0
4,4,500,12,0.75,8,1.0,12,12,59,2.036111111111111,0.10712308998336084,0
4,4,500,12,0.75,9,0.75,9,9,49,2.9814814814814814,0.10924579037236981,3
4,4,500,12,0.75,10,0.9166666666666666,11,9,60,1.8484848484848484,0.09921711956849322,1
4,4,500,12,0.75,11,0.9166666666666666,11,8,47,1.4848484848484846,0.08478498013573699,1
4,4,500,12,0.75,12,0.6666666666666666,8,6,24,1.75,0.1000724705227185,4
4,4,500,12,0.75,13,0.8333333333333334,10,11,55,2.166666666666667,0.09991517013986595,2
4,4,500,12,0.75,14,0.9166666666666666,11,7,57,2.2606060606060607,0.09071193999261595,1
4,4,500,12,0.75,15,0.8333333333333334,10,6,41,1.6,0.10426030974485911,2
4,4,500,12,0.75,16,0.8333333333333334,10,6,28,1.35,0.09696101042209193,2
4,4,500,12,0.75,17,1.0,12,8,43,1.5833333333333333,0.08589627039327752,0
4,4,500,12,0.75,18,0.75,9,9,33,1.4629629629629628,0.09841266997682396,3
4,4,500,12,0.75,19,0.9166666666666666,11,7,47,1.7636363636363634,0.09484564980084542,1
4,4,500,12,0.75,20,1.0,12,11,59,1.7916666666666667,0.0847968902962748,0
4,4,500,12,0.75,21,0.8333333333333334,10,12,68,2.95,0.09902765028527938,2
4,4,500,12,0.75,22,1.0,12,8,52,2.006944444444444,0.08723979997739661,0
4,4,500,12,0.75,23,0.8333333333333334,10,9,37,1.3666666666666667,0.09833297015575226,2
4,4,500,12,0.75,24,0.8333333333333334,10,8,43,1.6600000000000001,0.11463444061519112,2
4,4,500,12,0.75,25,1.0,12,10,60,2.0444444444444447,0.09924789977958426,0
4,4,500,12,0.75,26,1.0,12,9,59,2.283333333333333,0.08619976986665279,0
4,4,500,12,0.75,27,0.9166666666666666,11,7,58,2.3106060606060606,0.09256023993657436,1
4,4,500,12,0.75,28,0.9166666666666666,11,7,37,1.1818181818181819,0.09133829014899675,1
4,4,500,12,0.75,29,1.0,12,12,60,1.7,0.08614895021310076,0
4,4,500,13,0.8125,0,0.6923076923076923,9,3,21,1.6666666666666667,0.10909009026363492,4
4,4,500,13,0.8125,1,0.9230769230769231,12,12,69,1.9652777777777777,0.10877171051106416,1
4,4,500,13,0.8125,2,1.0,13,9,53,2.1538461538461537,0.09392528001626488,0
4,4,500,13,0.8125,3,1.0,13,21,98,4.544871794871795,0.09120763956161682,0
4,4,500,13,0.8125,4,1.0,13,11,72,2.2115384615384617,0.09098104012082331,0
4,4,500,13,0.8125,5,0.9230769230769231,12,9,61,1.9208333333333334,0.0967944304284174,1
4,4,500,13,0.8125,6,0.8461538461538461,11,17,68,3.503030303030303,0.1151103999291081,2
4,4,500,13,0.8125,7,0.9230769230769231,12,13,67,2.1597222222222223,0.09817204998398665,1
4,4,500,13,0.8125,8,0.7692307692307693,10,7,32,1.2333333333333334,0.09871925991319586,3
4,4,500,13,0.8125,9,0.7692307692307693,10,8,50,2.466666666666667,0.10266303019307088,3
4,4,500,13,0.8125,10,1.0,13,10,70,2.0871794871794873,0.10243347976938821,0
4,4,500,13,0.8125,11,0.8461538461538461,11,12,58,1.9954545454545454,0.11536784026247915,2
4,4,500,13,0.8125,12,1.0,13,13,62,2.1987179487179485,0.09213008008373436,0
4,4,500,13,0.8125,13,0.9230769230769231,12,11,67,2.5277777777777777,0.0985585902526509,1
4,4,500,13,0.8125,14,0.9230769230769231,12,12,69,1.8541666666666667,0.10211125001660548,1
4,4,500,13,0.8125,15,0.6923076923076923,9,4,19,1.1666666666666667,0.1138368700776482,4
4,4,500,13,0.8125,16,0.9230769230769231,12,8,54,2.2916666666666665,0.10503168028662913,1
4,4,500,13,0.8125,17,0.9230769230769231,12,9,57,2.1791666666666667,0.10931525008345488,1
4,4,500,13,0.8125,18,0.9230769230769231,12,11,60,2.1222222222222222,0.11042423000617418,1
4,4,500,13,0.8125,19,0.9230769230769231,12,9,46,1.5,0.10317842978111003,1
4,4,500,13,0.8125,20,0.9230769230769231,12,11,55,2.1194444444444445,0.10165229046833701,1
4,4,500,13,0.8125,21,1.0,13,6,51,2.128205128205128,0.09247911955753807,0
4,4,500,13,0.8125,22,0.8461538461538461,11,9,59,3.3106060606060606,0.1141413898585597,2
4,4,500,13,0.8125,23,0.8461538461538461,11,9,41,1.4363636363636365,0.10173056027269922,2
4,4,500,13,0.8125,24,0.6923076923076923,9,10,40,1.425925925925926,0.10608430056890938,4
4,4,500,13,0.8125,25,0.8461538461538461,11,7,47,1.7348484848484846,0.11244628018175717,2
4,4,500,13,0.8125,26,1.0,13,11,72,2.076923076923077,0.08905950009648222,0
4,4,500,13,0.8125,27,0.9230769230769231,12,14,70,2.1708333333333334,0.10241237017908134,1
4,4,500,13,0.8125,28,0.9230769230769231,12,12,53,1.625,0.09839463011303451,1
4,4,500,13,0.8125,29,0.7692307692307693,10,7,34,1.4583333333333335,0.10125631037226412,3
4,4,500,14,0.875,0,1.0,14,11,55,2.6547619047619047,0.10112659037986305,0
4,4,500,14,0.875,1,0.9285714285714286,13,14,84,2.5705128205128203,0.12006245007796679,1
4,4,500,14,0.875,2,0.8571428571428571,12,18,49,1.4875,0.12305840027693193,2
4,4,500,14,0.875,3,1.0,14,9,75,2.5773809523809526,0.10225989994069096,0
4,4,500,14,0.875,4,0.8571428571428571,12,11,69,2.4430555555555555,0.11163647010107525,2
4,4,500,14,0.875,5,1.0,14,12,87,2.2523809523809524,0.10126262044650503,0
4,4,500,14,0.875,6,0.9285714285714286,13,8,51,1.4038461538461537,0.10657514998456463,1
4,4,500,14,0.875,7,0.7857142857142857,11,14,60,2.533333333333333,0.12959761996171437,3
4,4,500,14,0.875,8,0.9285714285714286,13,12,66,1.8717948717948718,0.12534509020042606,1
4,4,500,14,0.875,9,1.0,14,14,106,2.9285714285714284,0.12075696024112403,0
4,4,500,14,0.875,10,0.8571428571428571,12,8,55,2.5,0.12618219014257193,2
4,4,500,14,0.875,11,0.9285714285714286,13,15,89,2.7435897435897436,0.11689400969771668,1
4,4,500,14,0.875,12,1.0,14,12,59,1.9464285714285714,0.11131245977594517,0
4,4,500,14,0.875,13,0.7142857142857143,10,7,38,1.1916666666666667,0.12184220016933978,4
4,4,500,14,0.875,14,0.9285714285714286,13,8,52,1.6217948717948718,0.11104653975053225,1
4,4,500,14,0.875,15,0.7142857142857143,10,7,35,2.033333333333333,0.11954251014685724,4
4,4,500,14,0.875,16,0.9285714285714286,13,9,72,2.826923076923077,0.1263448298414005,1
4,4,500,14,0.875,17,0.8571428571428571,12,11,66,2.2527777777777778,0.11417165980674326,2
4,4,500,14,0.875,18,1.0,14,13,83,2.357142857142857,0.10946098998829257,0
4,4,500,14,0.875,19,0.9285714285714286,13,11,57,1.3615384615384616,0.12710608061752282,1
4,4,500,14,0.875,20,0.7857142857142857,11,8,53,2.1666666666666665,0.15440549970662687,3
4,4,500,14,0.875,21,0.7142857142857143,10,5,28,1.4,0.12250319916347507,4
4,4,500,14,0.875,22,0.7857142857142857,11,6,37,2.1742424242424243,0.13145142031135038,3
4,4,500,14,0.875,23,0.8571428571428571,12,8,44,1.4902777777777778,0.12678911996772513,2
4,4,500,14,0.875,24,0.9285714285714286,13,9,45,1.5769230769230769,0.12507092018495314,1
4,4,500,14,0.875,25,0.8571428571428571,12,9,54,1.3833333333333335,0.11037217009288725,2
4,4,500,14,0.875,26,1.0,14,12,74,1.9761904761904763,0.10338238069380168,0
4,4,500,14,0.875,27,1.0,14,16,86,3.104761904761905,0.0988322000921471,0
4,4,500,14,0.875,28,0.9285714285714286,13,11,69,1.912820512820513,0.11607184002059512,1
4,4,500,14,0.875,29,0.9285714285714286,13,11,65,2.1525641025641025,0.10147907996724825,1
4,4,500,15,0.9375,0,0.9333333333333333,14,19,80,2.433333333333333,0.1299750704492908,1
4,4,500,15,0.9375,1,0.9333333333333333,14,14,74,1.8452380952380951,0.12499592012318317,1
4,4,500,15,0.9375,2,0.6,9,13,67,2.7314814814814814,0.14354621984239202,6
4,4,500,15,0.9375,3,0.9333333333333333,14,16,125,3.4523809523809526,0.1304578203416895,1
4,4,500,15,0.9375,4,0.9333333333333333,14,20,77,2.275,0.12654136968194507,1
4,4,500,15,0.9375,5,1.0,15,17,159,3.5677777777777777,0.12238942967087496,0
4,4,500,15,0.9375,6,1.0,15,11,63,1.6066666666666667,0.11461484049505088,0
4,4,500,15,0.9375,7,1.0,15,20,125,3.1,0.14054741986910813,0
4,4,500,15,0.9375,8,0.9333333333333333,14,9,63,1.5702380952380952,0.11615237053774763,1
4,4,500,15,0.9375,9,1.0,15,16,99,2.17,0.10706544009735808,0
4,4,500,15,0.9375,10,0.9333333333333333,14,11,67,2.1488095238095237,0.11136757966596633,1
4,4,500,15,0.9375,11,1.0,15,10,82,2.5622222222222226,0.126187140122056,0
4,4,500,15,0.9375,12,0.9333333333333333,14,10,74,1.394047619047619,0.1269079901976511,1
4,4,500,15,0.9375,13,1.0,15,16,110,2.8244444444444445,0.11816243997600395,0
4,4,500,15,0.9375,14,0.8,12,9,60,2.6458333333333335,0.13428363985440228,3
4,4,500,15,0.9375,15,0.8,12,10,43,1.861111111111111,0.13458237961458508,3
4,4,500,15,0.9375,16,1.0,15,17,91,2.4433333333333334,0.1375825100694783,0
4,4,500,15,0.9375,17,0.6666666666666666,10,5,23,1.1333333333333333,0.12984329026949126,5
4,4,500,15,0.9375,18,1.0,15,14,117,3.066666666666667,0.11636131028353702,0
4,4,500,15,0.9375,19,0.9333333333333333,14,9,67,2.1773809523809526,0.12701832994935103,1
4,4,500,15,0.9375,20,0.8666666666666667,13,16,104,3.1025641025641026,0.12894883991975803,2
4,4,500,15,0.9375,21,0.8666666666666667,13,17,99,3.0846153846153848,0.1366911907098256,2
4,4,500,15,0.9375,22,0.8666666666666667,13,14,83,2.630769230769231,0.1337112898909254,2
4,4,500,15,0.9375,23,0.6,9,11,63,2.9814814814814814,0.13422221978544258,6
4,4,500,15,0.9375,24,0.8666666666666667,13,10,73,2.5051282051282056,0.13410214021860156,2
4,4,500,15,0.9375,25,1.0,15,12,77,2.0555555555555554,0.12305025062232744,0
4,4,500,15,0.9375,26,0.5333333333333333,8,9,32,2.5520833333333335,0.1285736797581194,7
4,4,500,15,0.9375,27,0.6666666666666666,10,7,34,1.2733333333333334,0.1305782001145417,5
4,4,500,15,0.9375,28,0.8666666666666667,13,11,68,2.2371794871794872,0.11459091976576019,2
4,4,500,15,0.9375,29,0.9333333333333333,14,7,71,1.744047619047619,0.12866689008660614,1
4,4,500,16,1.0,0,0.9375,15,17,113,2.7133333333333334,0.17667680971499067,1
4,4,500,16,1.0,1,0.5625,9,8,36,2.3425925925925926,0.14445409025938716,7
4,4,500,16,1.0,2,0.9375,15,16,107,2.8766666666666665,0.17615428972931113,1
4,4,500,16,1.0,3,0.8125,13,10,61,1.987179487179487,0.1425063098577084,3
4,4,500,16,1.0,4,0.75,12,11,61,2.5208333333333335,0.14810188979026861,4
4,4,500,16,1.0,5,0.875,14,13,84,2.107142857142857,0.1467176504957024,2
4,4,500,16,1.0,6,0.8125,13,15,71,2.4423076923076925,0.14531839020492043,3
4,4,500,16,1.0,7,0.9375,15,13,63,2.45,0.15188188997854013,1
4,4,500,16,1.0,8,0.625,10,9,43,1.4916666666666667,0.15709345978393685,6
4,4,500,16,1.0,9,0.8125,13,18,73,2.525641025641026,0.19584410001698416,3
4,4,500,16,1.0,10,0.9375,15,13,86,1.9277777777777778,0.1605839902185835,1
4,4,500,16,1.0,11,0.9375,15,13,75,2.261111111111111,0.15181754031800665,1
4,4,500,16,1.0,12,1.0,16,14,85,2.00625,0.15231946999847423,0
4,4,500,16,1.0,13,0.8125,13,11,69,2.121794871794872,0.15595352975651622,3
4,4,500,16,1.0,14,1.0,16,13,84,2.6354166666666665,0.16046912052843254,0
4,4,500,16,1.0,15,0.875,14,10,58,1.6333333333333333,0.13884765045077074,2
4,4,500,16,1.0,16,0.8125,13,12,83,2.4935897435897436,0.1464427301834803,3
4,4,500,16,1.0,17,0.875,14,18,88,2.280952380952381,0.1538434600661276,2
4,4,500,16,1.0,18,0.8125,13,7,49,1.4679487179487178,0.14322528018965386,3
4,4,500,16,1.0,19,0.5625,9,9,35,1.5925925925925926,0.1382973903673701,7
4,4,500,16,1.0,20,0.8125,13,7,46,1.4935897435897436,0.14234174021112267,3
4,4,500,16,1.0,21,0.9375,15,10,81,2.311111111111111,0.1472753802954685,1
4,4,500,16,1.0,22,0.9375,15,12,87,1.8677777777777778,0.13076231014565565,1
4,4,500,16,1.0,23,1.0,16,14,101,3.1979166666666665,0.13466303033055738,0
4,4,500,16,1.0,24,0.9375,15,22,135,3.4766666666666666,0.17211464000865817,1
4,4,500,16,1.0,25,0.5625,9,5,29,1.5185185185185184,0.1494540295243496,7
4,4,500,16,1.0,26,0.8125,13,14,78,3.019230769230769,0.17982172990741674,3
4,4,500,16,1.0,27,1.0,16,20,155,3.2583333333333333,0.12766356026986614,0
4,4,500,16,1.0,28,0.9375,15,19,121,3.33,0.16155476951098535,1
4,4,500,16,1.0,29,0.75,12,14,61,3.111111111111111,0.15688592007791158,4
5,5,400,2,0.08,0,1.0,2,7,8,1.0,0.01420128988684155,0
5,5,400,2,0.08,1,1.0,2,4,8,1.0,0.012736179996863939,0
5,5,400,2,0.08,2,1.0,2,3,6,2.0,0.014079959728405811,0
5,5,400,2,0.08,3,1.0,2,4,6,1.0,0.013503469963325188,0
5,5,400,2,0.08,4,1.0,2,4,6,1.0,0.013476140156853944,0
5,5,400,2,0.08,5,1.0,2,3,5,1.0,0.013499059859896079,0
5,5,400,2,0.08,6,1.0,2,6,9,1.0,0.012051049998262897,0
5,5,400,2,0.08,7,1.0,2,8,10,1.0,0.013363849720917642,0
5,5,400,2,0.08,8,1.0,2,5,8,2.0,0.012955100246472284,0
5,5,400,2,0.08,9,1.0,2,3,6,1.0,0.013671490305569023,0
5,5,400,2,0.08,10,1.0,2,4,5,1.0,0.012896789485239424,0
5,5,400,2,0.08,11,1.0,2,3,5,1.0,0.012486269697546959,0
5,5,400,2,0.08,12,1.0,2,4,6,1.0,0.01351535989670083,0
5,5,400,2,0.08,13,1.0,2,5,9,1.0,0.012397370155667886,0
5,5,400,2,0.08,14,1.0,2,5,6,1.0,0.012124709683121182,0
5,5,400,2,0.08,15,1.0,2,7,9,1.0,0.012703999891527928,0
5,5,400,2,0.08,16,1.0,2,6,8,1.0,0.01218057979713194,0
5,5,400,2,0.08,17,1.0,2,5,7,1.0,0.01283411998883821,0
5,5,400,2,0.08,18,1.0,2,4,7,1.0,0.012322080219746567,0
5,5,400,2,0.08,19,1.0,2,2,3,1.0,0.0137046894087689,0
5,5,400,2,0.08,20,0.5,1,1,1,1.0,0.015331929680542089,1
5,5,400,2,0.08,21,1.0,2,5,6,1.0,0.013630700268549845,0
5,5,400,2,0.08,22,1.0,2,4,8,1.0,0.014821040240349248,0
5,5,400,2,0.08,23,1.0,2,6,11,1.0,0.013241629712865688,0
5,5,400,2,0.08,24,1.0,2,3,5,1.0,0.014486430009128526,0
5,5,400,2,0.08,25,1.0,2,6,10,1.0,0.013689240004168823,0
5,5,400,2,0.08,26,1.0,2,2,3,1.0,0.01403796013619285,0
5,5,400,2,0.08,27,1.0,2,5,7,1.0,0.01443729008315131,0
5,5,400,2,0.08,28,1.0,2,2,3,1.0,0.013431730185402557,0
5,5,400,2,0.08,29,1.0,2,5,7,1.0,0.013165139826014638,0
5,5,400,3,0.12,0,1.0,3,4,10,1.0,0.02016924976487644,0
5,5,400,3,0.12,1,1.0,3,5,9,1.0,0.022063640062697232,0
5,5,400,3,0.12,2,1.0,3,5,9,1.0,0.018650040510692634,0
5,5,400,3,0.12,3,1.0,3,3,8,1.0,0.01879119037766941,0
5,5,400,3,0.12,4,1.0,3,6,13,1.0,0.018858840048778802,0
5,5,400,3,0.12,5,1.0,3,4,9,1.0,0.01917112967930734,0
5,5,400,3,0.12,6,1.0,3,4,8,1.0,0.018155859506805427,0
5,5,400,3,0.12,7,0.6666666666666666,2,2,4,1.0,0.021815439977217466,1
5,5,400,3,0.12,8,1.0,3,3,6,1.0,0.01917544999741949,0
5,5,400,3,0.12,9,1.0,3,3,7,1.0,0.019785360054811463,0
5,5,400,3,0.12,10,1.0,3,5,13,1.0,0.021186900121392682,0
5,5,400,3,0.12,11,1.0,3,2,4,1.0,0.0210322902421467,0
5,5,400,3,0.12,12,1.0,3,5,10,1.6666666666666667,0.022696430241921917,0
5,5,400,3,0.12,13,1.0,3,5,10,1.0,0.019902189524145797,0
5,5,400,3,0.12,14,1.0,3,5,12,1.0,0.01880883028206881,0
5,5,400,3,0.12,15,1.0,3,5,9,1.0,0.019541280271369033,0
5,5,400,3,0.12,16,1.0,3,4,7,1.0,0.020313200293458067,0
5,5,400,3,0.12,17,1.0,3,4,7,1.0,0.020355280212243088,0
5,5,400,3,0.12,18,1.0,3,5,14,1.0,0.02147731021977961,0
5,5,400,3,0.12,19,1.0,3,6,13,1.2222222222222223,0.020866030172328465,0
5,5,400,3,0.12,20,1.0,3,5,13,1.0,0.019400930032134056,0
5,5,400,3,0.12,21,1.0,3,5,14,1.0,0.018200910053565167,0
5,5,400,3,0.12,22,1.0,3,3,7,1.0,0.018379840475972742,0
5,5,400,3,0.12,23,1.0,3,8,14,1.0,0.017923029517987743,0
5,5,400,3,0.12,24,1.0,3,5,10,1.0,0.01900634029880166,0
5,5,400,3,0.12,25,1.0,3,4,9,1.0,0.01969822042156011,0
5,5,400,3,0.12,26,1.0,3,5,12,1.0,0.02090164001856465,0
5,5,400,3,0.12,27,1.0,3,8,18,1.111111111111111,0.021276699990266934,0
5,5,400,3,0.12,28,1.0,3,6,12,1.0,0.019822020112769678,0
5,5,400,3,0.12,29,1.0,3,3,8,1.0,0.018002579599851742,0
5,5,400,4,0.16,0,1.0,4,4,13,1.0,0.02579562962637283,0
5,5,400,4,0.16,1,1.0,4,6,18,1.25,0.024208270478993654,0
5,5,400,4,0.16,2,1.0,4,8,20,1.0833333333333333,0.026753569982247427,0
5,5,400,4,0.16,3,1.0,4,8,13,1.0,0.02635069024108816,0
5,5,400,4,0.16,4,1.0,4,6,13,1.0,0.027707490444299765,0
5,5,400,4,0.16,5,1.0,4,3,10,1.0,0.026562890270724893,0
5,5,400,4,0.16,6,1.0,4,4,10,1.0,0.02613051976368297,0
5,5,400,4,0.16,7,1.0,4,7,13,1.0,0.027387279988033697,0
5,5,400,4,0.16,8,1.0,4,3,9,1.0,0.02663307976035867,0
5,5,400,4,0.16,9,1.0,4,6,14,1.0,0.02506446988263633,0
5,5,400,4,0.16,10,1.0,4,5,10,1.0,0.02838486965629272,0
5,5,400,4,0.16,11,1.0,4,7,14,1.0,0.027673760487232357,0
5,5,400,4,0.16,12,1.0,4,7,14,1.0,0.024663739750394598,0
5,5,400,4,0.16,13,1.0,4,6,18,1.5,0.023879700165707618,0
5,5,400,4,0.16,14,1.0,4,7,17,1.0,0.025297679821960628,0
5,5,400,4,0.16,15,1.0,4,7,12,1.0,0.027326339768478647,0
5,5,400,4,0.16,16,1.0,4,5,15,1.25,0.029267389836604707,0
5,5,400,4,0.16,17,1.0,4,5,15,1.0,0.025377850179211237,0
5,5,400,4,0.16,18,1.0,4,5,11,1.0,0.027576930006034672,0
5,5,400,4,0.16,19,1.0,4,4,8,1.0,0.02814663021126762,0
5,5,400,4,0.16,20,0.75,3,3,5,1.0,0.02914634947956074,1
5,5,400,4,0.16,21,1.0,4,4,14,1.0,0.025887430456350558,0
5,5,400,4,0.16,22,1.0,4,6,14,1.0,0.02457700000377372,0
5,5,400,4,0.16,23,1.0,4,4,10,1.0,0.026906759885605425,0
5,5,400,4,0.16,24,1.0,4,6,15,1.125,0.024682310249772854,0
5,5,400,4,0.16,25,1.0,4,4,11,1.0,0.0237854897568468,0
5,5,400,4,0.16,26,1.0,4,4,12,1.0,0.02336923986149486,0
5,5,400,4,0.16,27,1.0,4,7,15,1.0,0.026553300049272366,0
5,5,400,4,0.16,28,1.0,4,5,12,1.0,0.024764170302660204,0
5,5,400,4,0.16,29,1.0,4,8,17,1.75,0.02513897001335863,0
5,5,400,5,0.2,0,1.0,5,5,15,1.0,0.033281170326517895,0
5,5,400,5,0.2,1,1.0,5,6,17,1.4,0.028830700248363428,0
5,5,400,5,0.2,2,1.0,5,8,27,1.3333333333333335,0.03098864028288517,0
5,5,400,5,0.2,3,1.0,5,4,17,1.0,0.03312853950774297,0
5,5,400,5,0.2,4,1.0,5,7,16,1.1,0.030760259978706017,0
5,5,400,5,0.2,5,1.0,5,6,20,1.2,0.029120719991624355,0
5,5,400,5,0.2,6,1.0,5,7,19,1.0,0.029614889572258107,0
5,5,400,5,0.2,7,1.0,5,7,24,1.2666666666666668,0.03223868006898556,0
5,5,400,5,0.2,8,1.0,5,4,11,1.2,0.031624740367988124,0
5,5,400,5,0.2,9,1.0,5,7,24,1.08,0.032402259967057034,0
5,5,400,5,0.2,10,1.0,5,5,22,1.0,0.0323309499071911,0
5,5,400,5,0.2,11,0.8,4,4,13,1.0,0.03702353991684504,1
5,5,400,5,0.2,12,1.0,5,7,19,1.08,0.030475159728666767,0
5,5,400,5,0.2,13,1.0,5,7,20,1.0,0.03086055010498967,0
5,5,400,5,0.2,14,1.0,5,7,21,1.0,0.033139240113087,0
5,5,400,5,0.2,15,1.0,5,8,20,1.0666666666666667,0.032393069996032864,0
5,5,400,5,0.2,16,0.8,4,5,13,1.1666666666666667,0.03471782001724932,1
5,5,400,5,0.2,17,1.0,5,4,16,1.0,0.031166570624918677,0
5,5,400,5,0.2,18,1.0,5,6,14,1.0,0.03349754944792949,0
5,5,400,5,0.2,19,1.0,5,4,12,1.0,0.034648740402190015,0
5,5,400,5,0.2,20,1.0,5,7,18,1.08,0.030264470406109467,0
5,5,400,5,0.2,21,1.0,5,5,16,1.3333333333333335,0.03282622987171635,0
5,5,400,5,0.2,22,1.0,5,6,19,1.0,0.029649889329448342,0
5,5,400,5,0.2,23,1.0,5,6,16,1.1,0.03440760978264734,0
5,5,400,5,0.2,24,1.0,5,5,17,1.0,0.0322558700281661,0
5,5,400,5,0.2,25,1.0,5,6,19,1.1,0.03241762999095954,0
5,5,400,5,0.2,26,1.0,5,7,20,1.3,0.030949639549362473,0
5,5,400,5,0.2,27,1.0,5,7,23,1.08,0.034107050523743965,0
5,5,400,5,0.2,28,1.0,5,8,26,1.0666666666666667,0.03173934033839032,0
5,5,400,5,0.2,29,1.0,5,4,13,1.0,0.03668375989946071,0
5,5,400,6,0.24,0,1.0,6,5,17,1.1111111111111112,0.04257178028638009,0
5,5,400,6,0.24,1,1.0,6,7,27,1.1500000000000001,0.03918279027857352,0
5,5,400,6,0.24,2,1.0,6,5,22,1.0,0.04286690957087558,0
5,5,400,6,0.24,3,0.8333333333333334,5,7,20,1.4,0.043734300197684206,1
5,5,400,6,0.24,4,1.0,6,3,13,1.3333333333333333,0.03945948017644696,0
5,5,400,6,0.24,5,1.0,6,5,18,1.1111111111111112,0.03811381982814055,0
5,5,400,6,0.24,6,1.0,6,9,25,1.1333333333333333,0.03827380976872519,0
5,5,400,6,0.24,7,1.0,6,4,15,1.0,0.040782500873319805,0
5,5,400,6,0.24,8,1.0,6,6,24,1.3333333333333333,0.039042409844114445,0
5,5,400,6,0.24,9,1.0,6,7,25,1.0,0.03711908037075773,0
5,5,400,6,0.24,10,1.0,6,5,23,1.0,0.03737479040864855,0
5,5,400,6,0.24,11,1.0,6,4,18,1.0,0.04089971953362692,0
5,5,400,6,0.24,12,1.0,6,4,17,1.1666666666666667,0.03787535984884016,0
5,5,400,6,0.24,13,1.0,6,5,17,1.0,0.0352024602034362,0
5,5,400,6,0.24,14,1.0,6,7,21,1.3333333333333333,0.03736924976692535,0
5,5,400,6,0.24,15,1.0,6,3,12,1.3333333333333333,0.04192792002868373,0
5,5,400,6,0.24,16,0.8333333333333334,5,6,15,1.2,0.04396409924083855,1
5,5,400,6,0.24,17,1.0,6,6,25,1.25,0.03943301002436783,0
5,5,400,6,0.24,18,1.0,6,6,18,1.3333333333333333,0.03851175039017107,0
5,5,400,6,0.24,19,0.8333333333333334,5,3,10,1.0,0.046712729963473976,1
5,5,400,6,0.24,20,1.0,6,7,35,1.2166666666666666,0.03807647051871754,0
5,5,400,6,0.24,21,1.0,6,6,25,1.4444444444444444,0.03809498048212845,0
5,5,400,6,0.24,22,1.0,6,8,24,1.0555555555555556,0.0401887996122241,0
5,5,400,6,0.24,23,1.0,6,5,22,1.0,0.043195069883950055,0
5,5,400,6,0.24,24,1.0,6,7,26,1.1111111111111112,0.03748652001377195,0
5,5,400,6,0.24,25,1.0,6,6,22,1.0,0.038958040095167235,0
5,5,400,6,0.24,26,1.0,6,7,18,1.0,0.03571441018721089,0
5,5,400,6,0.24,27,1.0,6,8,35,1.361111111111111,0.038958960358286276,0
5,5,400,6,0.24,28,0.8333333333333334,5,8,18,1.0,0.04301407992898021,1
5,5,400,6,0.24,29,1.0,6,5,24,1.2222222222222223,0.03964797011576593,0
5,5,400,7,0.28,0,1.0,7,5,22,1.238095238095238,0.04556087922537699,0
5,5,400,7,0.28,1,1.0,7,7,32,1.2857142857142858,0.04323765002482105,0
5,5,400,7,0.28,2,0.8571428571428571,6,8,21,1.222222222222222,0.05054706984083168,1
5,5,400,7,0.28,3,0.8571428571428571,6,5,21,1.0,0.04922478990920354,1
5,5,400,7,0.28,4,0.7142857142857143,5,6,18,1.9333333333333331,0.053090290166437626,2
5,5,400,7,0.28,5,1.0,7,7,23,1.1523809523809523,0.04577100989990868,0
5,5,400,7,0.28,6,0.8571428571428571,6,6,17,1.0833333333333333,0.05036217007727828,1
5,5,400,7,0.28,7,1.0,7,7,28,1.1142857142857143,0.0510197600669926,0
5,5,400,7,0.28,8,0.8571428571428571,6,5,16,1.1111111111111112,0.05229551017691847,1
5,5,400,7,0.28,9,1.0,7,7,33,1.2714285714285716,0.04894699995929841,0
5,5,400,7,0.28,10,0.8571428571428571,6,4,11,1.0,0.05339180010196287,1
5,5,400,7,0.28,11,0.5714285714285714,4,5,12,1.0,0.05061843949079048,3
5,5,400,7,0.28,12,1.0,7,5,22,1.238095238095238,0.04397383047034964,0
5,5,400,7,0.28,13,1.0,7,7,27,1.0,0.04377125995233655,0
5,5,400,7,0.28,14,1.0,7,8,37,1.176190476190476,0.045669739847653545,0
5,5,400,7,0.28,15,1.0,7,6,25,1.1428571428571428,0.04433660018548835,0
5,5,400,7,0.28,16,1.0,7,5,21,1.0952380952380953,0.04437333045643754,0
5,5,400,7,0.28,17,1.0,7,5,21,1.6666666666666665,0.045805800255038776,0
5,5,400,7,0.28,18,1.0,7,7,29,1.0571428571428572,0.04579562977596652,0
5,5,400,7,0.28,19,0.8571428571428571,6,8,29,1.4000000000000001,0.049668469800963067,1
5,5,400,7,0.28,20,0.8571428571428571,6,5,13,1.0,0.048395080157206394,1
5,5,400,7,0.28,21,1.0,7,8,30,1.1904761904761905,0.05232135998085141,0
5,5,400,7,0.28,22,1.0,7,5,26,1.0,0.04849684970395174,0
5,5,400,7,0.28,23,1.0,7,7,28,1.1523809523809523,0.04606821006746031,0
5,5,400,7,0.28,24,1.0,7,6,28,1.0952380952380953,0.042998249919037335,0
5,5,400,7,0.28,25,1.0,7,4,20,1.0,0.04829538011108525,0
5,5,400,7,0.28,26,1.0,7,8,26,1.1904761904761905,0.04503189011302311,0
5,5,400,7,0.28,27,0.7142857142857143,5,5,13,1.0,0.05652831976476591,2
5,5,400,7,0.28,28,1.0,7,8,26,1.0476190476190477,0.04710331013484392,0
5,5,400,7,0.28,29,1.0,7,5,22,1.1428571428571428,0.050010269915219396,0
5,5,400,8,0.32,0,0.875,7,7,29,1.342857142857143,0.06416328025807161,1
5,5,400,8,0.32,1,1.0,8,10,31,1.1145833333333333,0.056296249822480604,0
5,5,400,8,0.32,2,1.0,8,6,17,1.0,0.05706395982997492,0
5,5,400,8,0.32,3,1.0,8,10,45,1.9791666666666667,0.05652276988257654,0
5,5,400,8,0.32,4,1.0,8,6,30,1.1458333333333333,0.05894479952985421,0
5,5,400,8,0.32,5,1.0,8,7,27,1.0833333333333333,0.055641980143263936,0
5,5,400,8,0.32,6,0.875,7,6,26,1.3571428571428572,0.059971990340272896,1
5,5,400,8,0.32,7,1.0,8,6,26,1.375,0.06018076011969242,0
5,5,400,8,0.32,8,1.0,8,4,19,1.0,0.05604636018688325,0
5,5,400,8,0.32,9,1.0,8,6,24,1.0,0.056872670029406436,0
5,5,400,8,0.32,10,0.875,7,9,32,1.0408163265306123,0.06159083037346136,1
5,5,400,8,0.32,11,1.0,8,7,34,1.2395833333333333,0.05488532013259828,0
5,5,400,8,0.32,12,1.0,8,5,26,1.0,0.05282974998408463,0
5,5,400,8,0.32,13,1.0,8,6,31,1.0,0.05127701959281694,0
5,5,400,8,0.32,14,0.75,6,6,18,1.0,0.05923334014369175,2
5,5,400,8,0.32,15,0.875,7,5,23,1.1428571428571428,0.05928441991272848,1
5,5,400,8,0.32,16,1.0,8,7,30,1.3,0.05646945057378616,0
5,5,400,8,0.32,17,0.875,7,7,23,1.0571428571428572,0.06072184958611615,1
5,5,400,8,0.32,18,0.875,7,10,33,1.3333333333333335,0.057759089904720895,1
5,5,400,8,0.32,19,0.875,7,4,17,1.1428571428571428,0.06188309060235042,1
5,5,400,8,0.32,20,0.875,7,9,27,1.1122448979591837,0.060980850394116715,1
5,5,400,8,0.32,21,1.0,8,8,29,1.5,0.05692078972060699,0
5,5,400,8,0.32,22,1.0,8,8,33,1.1041666666666667,0.05786531008197926,0
5,5,400,8,0.32,23,1.0,8,5,25,1.125,0.051998909839312546,0
5,5,400,8,0.32,24,0.5,4,5,13,1.0,0.06111172006058041,4
5,5,400,8,0.32,25,1.0,8,11,47,1.5125,0.05103221999888774,0
5,5,400,8,0.32,26,0.875,7,8,31,1.3333333333333335,0.05723289978050161,1
5,5,400,8,0.32,27,1.0,8,8,32,1.1666666666666667,0.060918750168639235,0
5,5,400,8,0.32,28,1.0,8,9,33,1.0357142857142858,0.05411887985246722,0
5,5,400,8,0.32,29,1.0,8,8,37,1.625,0.05802431973279454,0
5,5,400,9,0.36,0,1.0,9,6,32,1.4444444444444444,0.07205842011899222,0
5,5,400,9,0.36,1,1.0,9,7,35,1.1185185185185185,0.0633644300251035,0
5,5,400,9,0.36,2,1.0,9,9,41,1.2555555555555555,0.07171483026468195,0
5,5,400,9,0.36,3,1.0,9,8,34,1.4074074074074074,0.06225646946404595,0
5,5,400,9,0.36,4,1.0,9,8,38,1.1370370370370368,0.061326360155362636,0
5,5,400,9,0.36,5,0.8888888888888888,8,5,24,1.0833333333333333,0.0646371605398599,1
5,5,400,9,0.36,6,1.0,9,8,42,1.2555555555555555,0.060034280104446225,0
5,5,400,9,0.36,7,1.0,9,9,40,1.2185185185185186,0.061220400311867706,0
5,5,400,9,0.36,8,0.8888888888888888,8,5,28,1.3333333333333333,0.0629537401982816,1
5,5,400,9,0.36,9,1.0,9,7,28,1.0444444444444445,0.05771544965682551,0
5,5,400,9,0.36,10,0.5555555555555556,5,4,18,1.2,0.07290897003258578,4
5,5,400,9,0.36,11,0.8888888888888888,8,8,40,1.4083333333333332,0.06037500068487134,1
5,5,400,9,0.36,12,0.8888888888888888,8,4,18,1.25,0.061278670182218775,1
5,5,400,9,0.36,13,0.8888888888888888,8,6,26,1.1875,0.05944652977632359,1
5,5,400,9,0.36,14,0.8888888888888888,8,8,37,1.2291666666666667,0.06418546021450311,1
5,5,400,9,0.36,15,1.0,9,8,34,1.2962962962962963,0.06213097018189728,0
5,5,400,9,0.36,16,1.0,9,6,42,1.3703703703703705,0.05697195949323941,0
5,5,400,9,0.36,17,1.0,9,5,30,1.1851851851851851,0.059116659831488505,0
5,5,400,9,0.36,18,1.0,9,8,37,1.0925925925925926,0.06015890066919383,0
5,5,400,9,0.36,19,1.0,9,8,44,1.1925925925925924,0.05923732998780906,0
5,5,400,9,0.36,20,1.0,9,10,38,1.1388888888888888,0.06209626022609882,0
5,5,400,9,0.36,21,1.0,9,5,30,1.1851851851851851,0.059307260016794316,0
5,5,400,9,0.36,22,1.0,9,5,22,1.0,0.06633883989707101,0
5,5,400,9,0.36,23,0.8888888888888888,8,5,23,1.0,0.0633134700183291,1
5,5,400,9,0.36,24,0.4444444444444444,4,4,12,1.0,0.0776815304561751,5
5,5,400,9,0.36,25,1.0,9,6,28,1.0,0.0612084901513299,0
5,5,400,9,0.36,26,0.7777777777777778,7,8,29,1.238095238095238,0.06657017984252889,2
5,5,400,9,0.36,27,1.0,9,4,19,1.0,0.0635309204517398,0
5,5,400,9,0.36,28,1.0,9,5,31,1.1851851851851851,0.0605967098090332,0
5,5,400,9,0.36,29,1.0,9,8,39,1.2592592592592593,0.08029458011151291,0
5,5,400,10,0.4,0,0.9,9,5,26,1.1851851851851851,0.07438717926561367,1
5,5,400,10,0.4,1,1.0,10,8,39,1.6833333333333331,0.07178592990385368,0
5,5,400,10,0.4,2,1.0,10,6,40,1.1666666666666665,0.07274335010151844,0
5,5,400,10,0.4,3,1.0,10,8,37,1.15,0.07246001936437096,0
5,5,400,10,0.4,4,1.0,10,6,26,1.1,0.06590523014892824,0
5,5,400,10,0.4,5,1.0,10,9,37,1.22,0.06582392001291737,0
5,5,400,10,0.4,6,1.0,10,9,40,1.17,0.06480027972429525,0
5,5,400,10,0.4,7,0.9,9,6,32,1.0,0.07072041982610244,1
5,5,400,10,0.4,8,1.0,10,6,37,1.05,0.06339531952107791,0
5,5,400,10,0.4,9,1.0,10,6,34,1.1833333333333333,0.06582765963685233,0
5,5,400,10,0.4,10,0.9,9,6,33,1.7777777777777777,0.07278590986970812,1
5,5,400,10,0.4,11,0.8,8,8,36,1.0678571428571428,0.06638621031015646,2
5,5,400,10,0.4,12,0.9,9,6,40,1.2222222222222223,0.0683692498569144,1
5,5,400,10,0.4,13,0.7,7,5,16,1.0,0.07083084987243637,3
5,5,400,10,0.4,14,1.0,10,6,31,1.0,0.06391989947587717,0
5,5,400,10,0.4,15,1.0,10,8,40,1.1833333333333333,0.07248046014865395,0
5,5,400,10,0.4,16,0.7,7,6,23,1.2142857142857142,0.07681261013203766,3
5,5,400,10,0.4,17,1.0,10,5,31,1.5666666666666667,0.06970707014261279,0
5,5,400,10,0.4,18,1.0,10,7,33,1.2,0.06746032981027383,0
5,5,400,10,0.4,19,0.9,9,7,30,1.2962962962962963,0.0716005897265859,1
5,5,400,10,0.4,20,0.8,8,8,27,1.0,0.0753145496128127,2
5,5,400,10,0.4,21,1.0,10,11,45,1.2404761904761905,0.06317853069049306,0
5,5,400,10,0.4,22,1.0,10,7,33,1.34,0.06956348981475458,0
5,5,400,10,0.4,23,0.8,8,7,33,1.2916666666666667,0.0718732202949468,2
5,5,400,10,0.4,24,0.9,9,10,48,1.3518518518518519,0.07058053037326317,1
5,5,400,10,0.4,25,1.0,10,6,36,1.2166666666666666,0.06401744045433588,0
5,5,400,10,0.4,26,0.8,8,6,23,1.0625,0.07622362943948247,2
5,5,400,10,0.4,27,1.0,10,7,37,1.1400000000000001,0.0720937603909988,0
5,5,400,10,0.4,28,1.0,10,6,37,1.45,0.06454688038502354,0
5,5,400,10,0.4,29,1.0,10,5,30,1.0,0.07714024955930654,0
5,5,400,11,0.44,0,0.9090909090909091,10,10,43,1.5,0.08050527030718513,1
5,5,400,11,0.44,1,1.0,11,10,52,1.7348484848484846,0.08550462996936403,0
5,5,400,11,0.44,2,1.0,11,11,49,1.3155844155844156,0.07308650026971009,0
5,5,400,11,0.44,3,0.9090909090909091,10,9,42,1.2685714285714287,0.08442691956588533,1
5,5,400,11,0.44,4,0.9090909090909091,10,8,51,1.73,0.08130623980832752,1
5,5,400,11,0.44,5,0.9090909090909091,10,7,34,1.2066666666666666,0.08403904947044794,1
5,5,400,11,0.44,6,1.0,11,9,44,1.1181818181818182,0.0698031003412325,0
5,5,400,11,0.44,7,0.7272727272727273,8,6,28,1.0,0.0861587304098066,3
5,5,400,11,0.44,8,0.9090909090909091,10,10,52,1.3966666666666667,0.07544916014012415,1
5,5,400,11,0.44,9,1.0,11,12,50,1.4393939393939394,0.08115228956739884,0
5,5,400,11,0.44,10,0.9090909090909091,10,7,31,1.1333333333333333,0.0769625498651294,1
5,5,400,11,0.44,11,1.0,11,8,51,1.518181818181818,0.0798075000056997,0
5,5,400,11,0.44,12,0.9090909090909091,10,7,38,1.1466666666666667,0.07325848033360671,1
5,5,400,11,0.44,13,1.0,11,12,63,1.2987012987012987,0.07189402967924252,0
5,5,400,11,0.44,14,1.0,11,6,29,1.1363636363636365,0.07106063989340328,0
5,5,400,11,0.44,15,0.6363636363636364,7,4,16,1.1428571428571428,0.0837172896717675,4
5,5,400,11,0.44,16,0.8181818181818182,9,8,34,1.2222222222222223,0.08022702000744175,2
5,5,400,11,0.44,17,1.0,11,6,32,1.2727272727272727,0.07139736975659616,0
5,5,400,11,0.44,18,0.9090909090909091,10,7,45,1.3800000000000001,0.08218148999731056,1
5,5,400,11,0.44,19,1.0,11,9,47,1.2199134199134198,0.07325291000597645,0
5,5,400,11,0.44,20,1.0,11,8,40,1.112121212121212,0.07311483946978115,0
5,5,400,11,0.44,21,1.0,11,6,37,1.1515151515151514,0.07093145039107185,0
5,5,400,11,0.44,22,0.8181818181818182,9,9,41,1.2740740740740741,0.07834929005184676,2
5,5,400,11,0.44,23,0.8181818181818182,9,8,38,1.0925925925925926,0.08053445992118213,2
5,5,400,11,0.44,24,1.0,11,11,64,1.4216450216450216,0.09288234978157561,0
5,5,400,11,0.44,25,1.0,11,10,50,1.424242424242424,0.07830907976313028,0
5,5,400,11,0.44,26,0.6363636363636364,7,8,29,1.5714285714285714,0.09505763962806668,4
5,5,400,11,0.44,27,1.0,11,9,45,1.3636363636363635,0.07412013022985775,0
5,5,400,11,0.44,28,1.0,11,10,64,1.4424242424242424,0.07747075993393082,0
5,5,400,11,0.44,29,1.0,11,8,46,1.5363636363636362,0.0708288796886336,0
5,5,400,12,0.48,0,1.0,12,8,62,1.388888888888889,0.08427995016973,0
5,5,400,12,0.48,1,0.9166666666666666,11,11,61,1.6666666666666665,0.08401809958741069,1
5,5,400,12,0.48,2,1.0,12,7,48,1.1444444444444446,0.08676765020936728,0
5,5,400,12,0.48,3,0.8333333333333334,10,5,28,1.2,0.08772501052590087,2
5,5,400,12,0.48,4,0.9166666666666666,11,7,49,1.2545454545454546,0.08403990992519539,1
5,5,400,12,0.48,5,0.75,9,12,54,2.4021164021164023,0.11393317006877623,3
5,5,400,12,0.48,6,1.0,12,8,42,1.2083333333333333,0.09277105004002806,0
5,5,400,12,0.48,7,0.9166666666666666,11,8,39,1.1363636363636365,0.09496250990196131,1
5,5,400,12,0.48,8,0.9166666666666666,11,10,63,1.5515151515151515,0.09438929984753486,1
5,5,400,12,0.48,9,0.75,9,5,29,1.2222222222222223,0.09337832976598293,3
5,5,400,12,0.48,10,0.9166666666666666,11,7,40,1.5454545454545454,0.0945512796897674,1
5,5,400,12,0.48,11,1.0,12,9,51,1.1416666666666666,0.09263071980967652,0
5,5,400,12,0.48,12,0.8333333333333334,10,10,68,1.541904761904762,0.09667693972005509,2
5,5,400,12,0.48,13,0.8333333333333334,10,11,57,1.1733333333333333,0.08113453004625626,2
5,5,400,12,0.48,14,0.75,9,5,22,1.0,0.09532270960335154,3
5,5,400,12,0.48,15,0.75,9,6,25,1.074074074074074,0.0972655998339178,3
5,5,400,12,0.48,16,0.9166666666666666,11,9,55,1.3333333333333333,0.08284687988634687,1
5,5,400,12,0.48,17,1.0,12,7,42,1.1944444444444444,0.07994905005034525,0
5,5,400,12,0.48,18,1.0,12,7,46,1.2277777777777779,0.07979882924701087,0
5,5,400,12,0.48,19,0.8333333333333334,10,5,34,1.0666666666666667,0.09410852006112691,2
5,5,400,12,0.48,20,0.8333333333333334,10,8,46,1.2166666666666666,0.08958967009675689,2
5,5,400,12,0.48,21,0.8333333333333334,10,7,44,1.4300000000000002,0.08611682002083398,2
5,5,400,12,0.48,22,1.0,12,9,47,1.136111111111111,0.0825914804590866,0
5,5,400,12,0.48,23,0.9166666666666666,11,8,38,1.1818181818181819,0.08866471020155586,1
5,5,400,12,0.48,24,1.0,12,11,71,1.5753968253968254,0.0813861699134577,0
5,5,400,12,0.48,25,0.8333333333333334,10,10,52,1.4333333333333333,0.09756030965945683,2
5,5,400,12,0.48,26,0.75,9,6,33,1.5555555555555556,0.09621592005714774,3
5,5,400,12,0.48,27,1.0,12,8,52,1.5,0.08118979007122107,0
5,5,400,12,0.48,28,0.8333333333333334,10,7,35,1.5066666666666666,0.08780780968663748,2
5,5,400,12,0.48,29,0.9166666666666666,11,19,64,1.5984848484848484,0.08503320983436424,1
5,5,400,13,0.52,0,1.0,13,8,52,1.2981684981684982,0.0869829002476763,0
5,5,400,13,0.52,1,0.6923076923076923,9,8,42,1.5555555555555556,0.09725808020448312,4
5,5,400,13,0.52,2,0.8461538461538461,11,9,45,1.4363636363636365,0.09842776977166068,2
5,5,400,13,0.52,3,0.9230769230769231,12,6,40,1.2916666666666667,0.10581847003777511,1
5,5,400,13,0.52,4,0.9230769230769231,12,9,57,1.246031746031746,0.16986582952085882,1
5,5,400,13,0.52,5,1.0,13,11,67,1.9835164835164834,0.19128387015371118,0
5,5,400,13,0.52,6,0.6923076923076923,9,12,45,1.8148148148148147,0.2093880002212245,4
5,5,400,13,0.52,7,1.0,13,7,47,1.6538461538461537,0.16006286969059147,0
5,5,400,13,0.52,8,1.0,13,8,47,1.0564102564102564,0.10086346992466133,0
5,5,400,13,0.52,9,0.9230769230769231,12,11,66,1.5888888888888888,0.10747641987109091,1
5,5,400,13,0.52,10,0.9230769230769231,12,9,51,1.3444444444444443,0.09896972005662974,1
5,5,400,13,0.52,11,1.0,13,8,60,1.2923076923076924,0.08844458978273906,0
5,5,400,13,0.52,12,0.8461538461538461,11,11,67,1.458008658008658,0.09875843017653096,2
5,5,400,13,0.52,13,0.9230769230769231,12,9,53,1.1777777777777778,0.0915733898000326,1
5,5,400,13,0.52,14,0.8461538461538461,11,9,45,1.3363636363636362,0.10436504991957918,2
5,5,400,13,0.52,15,1.0,13,10,69,1.3296703296703296,0.09815267032536212,0
5,5,400,13,0.52,16,0.9230769230769231,12,10,54,1.1291666666666667,0.09265518026950303,1
5,5,400,13,0.52,17,1.0,13,9,61,1.5435897435897437,0.09977867019188125,0
5,5,400,13,0.52,18,0.9230769230769231,12,6,44,1.1805555555555556,0.10350999997172039,1
5,5,400,13,0.52,19,0.7692307692307693,10,11,49,1.5133333333333332,0.10512872984691057,3
5,5,400,13,0.52,20,0.8461538461538461,11,9,45,1.0865800865800865,0.1118491000670474,2
5,5,400,13,0.52,21,0.7692307692307693,10,7,32,1.4,0.09860080994258169,3
5,5,400,13,0.52,22,1.0,13,9,59,1.2820512820512822,0.09124116004386451,0
5,5,400,13,0.52,23,0.9230769230769231,12,8,52,1.5277777777777777,0.090844649967039,1
5,5,400,13,0.52,24,1.0,13,9,74,1.8641025641025641,0.08598447995609604,0
5,5,400,13,0.52,25,1.0,13,15,74,1.5769230769230769,0.09279700003389735,0
5,5,400,13,0.52,26,0.6923076923076923,9,8,33,1.2777777777777777,0.09631381988583598,4
5,5,400,13,0.52,27,1.0,13,9,58,1.2846153846153845,0.09344797021185514,0
5,5,400,13,0.52,28,0.8461538461538461,11,7,41,1.2424242424242424,0.09166379990347195,2
5,5,400,13,0.52,29,1.0,13,7,50,1.1666666666666665,0.08959121005318593,0
5,5,400,14,0.56,0,0.8571428571428571,12,7,41,1.3333333333333333,0.10774872003821656,2
5,5,400,14,0.56,1,1.0,14,6,51,1.4166666666666665,0.09902469042572193,0
5,5,400,14,0.56,2,1.0,14,11,65,1.7227891156462587,0.09959465045540128,0
5,5,400,14,0.56,3,0.9285714285714286,13,8,61,1.3512820512820514,0.10160400022868998,1
5,5,400,14,0.56,4,0.8571428571428571,12,7,47,1.1500000000000001,0.11340699980792124,2
5,5,400,14,0.56,5,1.0,14,6,53,1.1785714285714286,0.10486636980203912,0
5,5,400,14,0.56,6,0.9285714285714286,13,8,55,1.4102564102564101,0.11055594994104467,1
5,5,400,14,0.56,7,0.8571428571428571,12,12,75,1.4722222222222223,0.11171001009643078,2
5,5,400,14,0.56,8,1.0,14,16,88,1.805952380952381,0.097469589964021,0
5,5,400,14,0.56,9,0.9285714285714286,13,8,60,1.2692307692307692,0.10127995017683133,1
5,5,400,14,0.56,10,0.8571428571428571,12,11,62,1.6876984126984127,0.1091840101435082,2
5,5,400,14,0.56,11,0.9285714285714286,13,8,49,1.2564102564102564,0.09974915948987473,1
5,5,400,14,0.56,12,0.9285714285714286,13,9,67,1.8410256410256411,0.10260201030177996,1
5,5,400,14,0.56,13,1.0,14,11,77,1.3166666666666667,0.09984613003325649,0
5,5,400,14,0.56,14,0.7857142857142857,11,11,56,1.3852813852813852,0.11279985003056936,3
5,5,400,14,0.56,15,0.7857142857142857,11,9,47,1.3787878787878787,0.10562767951341812,3
5,5,400,14,0.56,16,1.0,14,12,69,1.3,0.10286049044225365,0
5,5,400,14,0.56,17,0.7142857142857143,10,8,43,1.4,0.12421386047208216,4
5,5,400,14,0.56,18,0.9285714285714286,13,6,39,1.2435897435897436,0.11311748028674629,1
5,5,400,14,0.56,19,0.9285714285714286,13,12,68,1.4615384615384615,0.10723797968239523,1
5,5,400,14,0.56,20,1.0,14,11,80,1.4954081632653062,0.10195186958299018,0
5,5,400,14,0.56,21,0.9285714285714286,13,8,59,1.5512820512820513,0.10457491989654955,1
5,5,400,14,0.56,22,0.8571428571428571,12,11,59,1.5722222222222222,0.10763772006612271,2
5,5,400,14,0.56,23,0.9285714285714286,13,11,59,1.7296703296703297,0.1075030798529042,1
5,5,400,14,0.56,24,0.7857142857142857,11,11,72,1.8017316017316019,0.11351176937751006,3
5,5,400,14,0.56,25,0.9285714285714286,13,9,56,1.3384615384615384,0.10631934033881407,1
5,5,400,14,0.56,26,0.8571428571428571,12,7,49,1.1875,0.09899045042402577,2
5,5,400,14,0.56,27,1.0,14,10,89,1.676190476190476,0.10404733024188317,0
5,5,400,14,0.56,28,0.9285714285714286,13,9,52,1.3333333333333333,0.1052576598158339,1
5,5,400,14,0.56,29,0.7857142857142857,11,13,66,1.6216450216450218,0.11051526984374505,3
5,5,400,15,0.6,0,0.8666666666666667,13,6,40,1.1794871794871795,0.12326923999353312,2
5,5,400,15,0.6,1,1.0,15,12,90,1.8711111111111112,0.10633465040882584,0
5,5,400,15,0.6,2,0.9333333333333333,14,6,43,1.2857142857142858,0.10898594970058184,1
5,5,400,15,0.6,3,0.8,12,7,48,1.1375,0.12080106018402148,3
5,5,400,15,0.6,4,1.0,15,10,64,1.46,0.10772325003927108,0
5,5,400,15,0.6,5,0.8666666666666667,13,5,34,1.0512820512820513,0.1173085198388435,2
5,5,400,15,0.6,6,0.9333333333333333,14,10,62,1.505952380952381,0.11431942984927446,1
5,5,400,15,0.6,7,0.9333333333333333,14,8,52,1.238095238095238,0.10745438979938626,1
5,5,400,15,0.6,8,0.8666666666666667,13,7,56,1.517948717948718,0.11801190965343267,2
5,5,400,15,0.6,9,0.9333333333333333,14,8,57,1.2833333333333332,0.11144790034450125,1
5,5,400,15,0.6,10,1.0,15,7,58,1.6377777777777778,0.10773285015602596,0
5,5,400,15,0.6,11,0.6,9,8,31,1.7777777777777777,0.12958880950463936,6
5,5,400,15,0.6,12,1.0,15,10,59,1.4266666666666665,0.10677592988940887,0
5,5,400,15,0.6,13,0.9333333333333333,14,9,63,1.319047619047619,0.1111627601494547,1
5,5,400,15,0.6,14,0.9333333333333333,14,9,67,1.5571428571428572,0.1302108701202087,1
5,5,400,15,0.6,15,0.9333333333333333,14,10,59,1.5297619047619049,0.1319846398109803,1
5,5,400,15,0.6,16,0.9333333333333333,14,10,65,1.4000000000000001,0.12142074010625947,1
5,5,400,15,0.6,17,0.9333333333333333,14,9,57,1.3,0.11897842014150228,1
5,5,400,15,0.6,18,0.6,9,10,44,2.062962962962963,0.12870780010416638,6
5,5,400,15,0.6,19,1.0,15,12,101,1.5322222222222224,0.109861289820401,0
5,5,400,15,0.6,20,0.8666666666666667,13,9,57,1.512820512820513,0.11991939973086119,2
5,5,400,15,0.6,21,0.8666666666666667,13,11,56,1.5025641025641028,0.11983343021711335,2
5,5,400,15,0.6,22,0.9333333333333333,14,10,87,1.606122448979592,0.11765231014578603,1
5,5,400,15,0.6,23,0.9333333333333333,14,8,58,1.25,0.11439510024501942,1
5,5,400,15,0.6,24,0.8666666666666667,13,6,42,1.1153846153846154,0.10783890960738063,2
5,5,400,15,0.6,25,1.0,15,10,67,1.5444444444444445,0.10973887969157659,0
5,5,400,15,0.6,26,1.0,15,13,93,1.6366666666666667,0.10264033000566997,0
5,5,400,15,0.6,27,1.0,15,11,70,1.2844444444444443,0.10136481054360047,0
5,5,400,15,0.6,28,0.8666666666666667,13,8,58,1.7435897435897436,0.11767705982492771,2
5,5,400,15,0.6,29,0.9333333333333333,14,14,67,1.6404761904761906,0.13331101014045998,1
5,5,400,16,0.64,0,0.875,14,8,48,1.2738095238095237,0.12505446022260003,2
5,5,400,16,0.64,1,1.0,16,12,90,1.7604166666666667,0.12099907035008073,0
5,5,400,16,0.64,2,0.875,14,10,83,1.7023809523809523,0.13170520927815232,2
5,5,400,16,0.64,3,0.8125,13,12,59,1.6025641025641024,0.1430708699626848,3
5,5,400,16,0.64,4,0.875,14,12,90,1.6836734693877553,0.14252362976549193,2
5,5,400,16,0.64,5,1.0,16,14,115,2.725,0.1292615798593033,0
5,5,400,16,0.64,6,1.0,16,14,93,2.3854166666666665,0.12659782987611834,0
5,5,400,16,0.64,7,1.0,16,9,58,1.53125,0.16642510956444312,0
5,5,400,16,0.64,8,1.0,16,19,111,1.7859375,0.12494020964368246,0
5,5,400,16,0.64,9,1.0,16,11,72,1.7208333333333334,0.12757234995660838,0
5,5,400,16,0.64,10,0.9375,15,8,58,1.1,0.12910423029097728,1
5,5,400,16,0.64,11,0.625,10,9,35,1.58,0.13476659994921647,6
5,5,400,16,0.64,12,0.875,14,8,48,1.3333333333333335,0.13394064008025452,2
5,5,400,16,0.64,13,0.8125,13,6,36,1.0923076923076922,0.13410792023933027,3
5,5,400,16,0.64,14,0.875,14,11,60,1.2589285714285714,0.13701341988053173,2
5,5,400,16,0.64,15,0.9375,15,9,58,1.5155555555555555,0.13133030020981096,1
5,5,400,16,0.64,16,0.75,12,6,33,1.1666666666666667,0.13875041993742343,4
5,5,400,16,0.64,17,0.875,14,10,74,1.711904761904762,0.1280426797166001,2
5,5,400,16,0.64,18,0.9375,15,24,111,2.74,0.12541115924250335,1
5,5,400,16,0.64,19,0.875,14,10,60,1.255952380952381,0.12446002001524903,2
5,5,400,16,0.64,20,0.9375,15,9,64,1.316825396825397,0.13381194999965373,1
5,5,400,16,0.64,21,0.8125,13,14,82,1.245054945054945,0.13840222032740712,3
5,5,400,16,0.64,22,0.75,12,29,82,3.7055555555555557,0.15700015057518613,4
5,5,400,16,0.64,23,0.9375,15,11,80,1.68,0.12920563989609946,1
5,5,400,16,0.64,24,0.875,14,12,61,1.4214285714285713,0.1298966899048537,2
5,5,400,16,0.64,25,1.0,16,19,107,1.932440476190476,0.11951521984883584,0
5,5,400,16,0.64,26,0.75,12,9,58,1.8444444444444443,0.13656297996931244,4
5,5,400,16,0.64,27,0.875,14,9,50,1.207142857142857,0.12974864977877587,2
5,5,400,16,0.64,28,0.9375,15,25,154,2.453333333333333,0.14193658964359201,1
5,5,400,16,0.64,29,0.9375,15,11,77,1.6700000000000002,0.13063798040093388,1
5,5,400,17,0.68,0,1.0,17,14,98,2.0901960784313722,0.12784352016751654,0
5,5,400,17,0.68,1,0.9411764705882353,16,13,94,2.1160714285714284,0.14733082993188873,1
5,5,400,17,0.68,2,1.0,17,11,66,1.188235294117647,0.1253908601938747,0
5,5,400,17,0.68,3,0.9411764705882353,16,10,65,1.6020833333333333,0.13349624008696992,1
5,5,400,17,0.68,4,0.7647058823529411,13,9,51,1.2153846153846155,0.15598910984408576,4
5,5,400,17,0.68,5,0.8235294117647058,14,15,71,1.8857142857142857,0.14499485027045012,3
5,5,400,17,0.68,6,0.9411764705882353,16,14,105,2.3723958333333335,0.13002437015529722,1
5,5,400,17,0.68,7,1.0,17,8,62,1.3333333333333335,0.1352383301127702,0
5,5,400,17,0.68,8,0.8235294117647058,14,14,97,2.454761904761905,0.14855247005471028,3
5,5,400,17,0.68,9,0.9411764705882353,16,11,79,1.4333333333333333,0.1506157401308883,1
5,5,400,17,0.68,10,0.9411764705882353,16,14,67,1.3541666666666667,0.13253216915472876,1
5,5,400,17,0.68,11,1.0,17,24,131,2.6392156862745098,0.14096003054874018,0
5,5,400,17,0.68,12,0.8823529411764706,15,10,77,1.6900000000000002,0.15305493972846307,2
5,5,400,17,0.68,13,0.7647058823529411,13,13,80,1.7179487179487178,0.16398884035879746,4
5,5,400,17,0.68,14,0.8235294117647058,14,15,90,1.7642857142857142,0.1737577503809007,3
5,5,400,17,0.68,15,0.7647058823529411,13,15,90,3.1256410256410256,0.18160185019951314,4
5,5,400,17,0.68,16,0.8823529411764706,15,13,84,1.5247619047619048,0.14557302005414385,2
5,5,400,17,0.68,17,0.9411764705882353,16,19,105,2.0390625,0.13989135019073728,1
5,5,400,17,0.68,18,1.0,17,12,107,2.5872549019607844,0.13816718055750243,0
5,5,400,17,0.68,19,0.8823529411764706,15,15,91,1.5057142857142858,0.17612317977182101,2
5,5,400,17,0.68,20,0.8823529411764706,15,14,97,1.8761904761904762,0.14169058042170946,2
5,5,400,17,0.68,21,0.8823529411764706,15,11,69,1.2466666666666666,0.13922862031904515,2
5,5,400,17,0.68,22,0.9411764705882353,16,10,70,1.6666666666666667,0.135026199859567,1
5,5,400,17,0.68,23,0.7647058823529411,13,13,72,1.641025641025641,0.17298931990808342,4
5,5,400,17,0.68,24,0.9411764705882353,16,8,62,1.7083333333333333,0.15813323996553663,1
5,5,400,17,0.68,25,1.0,17,17,116,1.9243697478991597,0.15620077028870583,0
5,5,400,17,0.68,26,1.0,17,13,92,1.468627450980392,0.12983908942260314,0
5,5,400,17,0.68,27,0.7647058823529411,13,9,60,1.3115384615384615,0.154848249439965,4
5,5,400,17,0.68,28,0.7647058823529411,13,8,56,1.6538461538461537,0.15902875980827957,4
5,5,400,17,0.68,29,0.9411764705882353,16,22,146,2.870833333333333,0.1648873796511907,1
5,5,400,18,0.72,0,0.8888888888888888,16,14,114,2.0302083333333334,0.16096810009912588,2
5,5,400,18,0.72,1,0.9444444444444444,17,13,80,2.0058823529411764,0.25446668012591545,1
5,5,400,18,0.72,2,0.8333333333333334,15,9,65,1.5333333333333334,0.269344490225194,3
5,5,400,18,0.72,3,0.9444444444444444,17,13,97,2.2686274509803925,0.22673765997751616,1
5,5,400,18,0.72,4,0.8333333333333334,15,11,59,1.4077777777777778,0.1799407696671551,3
5,5,400,18,0.72,5,0.8888888888888888,16,9,82,1.8510416666666667,0.15736500005004928,2
5,5,400,18,0.72,6,0.8888888888888888,16,12,82,2.2916666666666665,0.15198245950159617,2
5,5,400,18,0.72,7,0.9444444444444444,17,11,107,1.7343137254901961,0.1523693899071077,1
5,5,400,18,0.72,8,0.8888888888888888,16,9,94,1.875,0.14624180024839006,2
5,5,400,18,0.72,9,0.8888888888888888,16,11,90,1.7208333333333334,0.146454479690874,2
5,5,400,18,0.72,10,0.7777777777777778,14,8,61,1.8452380952380951,0.15500106994295493,4
5,5,400,18,0.72,11,1.0,18,11,75,1.7259259259259259,0.16943661008554045,0
5,5,400,18,0.72,12,0.9444444444444444,17,19,134,2.24593837535014,0.14618668050388806,1
5,5,400,18,0.72,13,0.8888888888888888,16,11,104,1.9822916666666668,0.14819087053183466,2
5,5,400,18,0.72,14,0.7777777777777778,14,20,103,1.8452380952380951,0.15128378014196642,4
5,5,400,18,0.72,15,0.8333333333333334,15,7,60,1.8222222222222222,0.17231158977665473,3
5,5,400,18,0.72,16,0.8333333333333334,15,12,102,1.8222222222222222,0.14302631025202572,3
5,5,400,18,0.72,17,1.0,18,19,140,2.8473544973544973,0.15705850972153712,0
5,5,400,18,0.72,18,0.9444444444444444,17,12,97,1.6274509803921569,0.13355150942516048,1
5,5,400,18,0.72,19,1.0,18,12,102,1.761111111111111,0.128407900192542,0
5,5,400,18,0.72,20,0.9444444444444444,17,14,96,1.552941176470588,0.13155434047803283,1
5,5,400,18,0.72,21,0.7222222222222222,13,7,59,1.4974358974358977,0.15210089011816308,5
5,5,400,18,0.72,22,0.8888888888888888,16,12,79,1.9614583333333333,0.14135359968349803,2
5,5,400,18,0.72,23,0.8888888888888888,16,7,49,1.5104166666666667,0.13725454999075737,2
5,5,400,18,0.72,24,0.6666666666666666,12,9,53,1.5015873015873016,0.16304943012073636,6
5,5,400,18,0.72,25,0.8333333333333334,15,6,51,1.7333333333333334,0.1454805002140347,3
5,5,400,18,0.72,26,0.8888888888888888,16,11,83,1.51875,0.14274291941546835,2
5,5,400,18,0.72,27,0.8333333333333334,15,7,50,1.2,0.14066863943298813,3
5,5,400,18,0.72,28,0.9444444444444444,17,11,105,1.869607843137255,0.132596609837492,1
5,5,400,18,0.72,29,0.9444444444444444,17,15,104,2.014705882352941,0.1361732396617299,1
5,5,400,19,0.76,0,0.8421052631578947,16,17,93,1.6291666666666667,0.15680279990192503,3
5,5,400,19,0.76,1,1.0,19,23,137,2.5289473684210524,0.1432421697245445,0
5,5,400,19,0.76,2,0.5789473684210527,11,5,33,1.1212121212121213,0.17913020987180062,8
5,5,400,19,0.76,3,0.8947368421052632,17,12,109,2.3058823529411767,0.1704344503377797,2
5,5,400,19,0.76,4,0.8421052631578947,16,11,78,1.7010416666666668,0.15282409978681244,3
5,5,400,19,0.76,5,0.8421052631578947,16,11,82,1.5291666666666666,0.15682670004025567,3
5,5,400,19,0.76,6,0.9473684210526315,18,7,66,1.25,0.14873932013870217,1
5,5,400,19,0.76,7,0.8947368421052632,17,20,105,1.8587535014005603,0.15629945948603563,2
5,5,400,19,0.76,8,0.8947368421052632,17,22,124,4.641176470588236,0.1489044701156672,2
5,5,400,19,0.76,9,0.7894736842105263,15,9,61,1.5944444444444446,0.16315344997565262,4
5,5,400,19,0.76,10,0.7368421052631579,14,11,51,1.5892857142857142,0.17159070972411428,5
5,5,400,19,0.76,11,0.9473684210526315,18,10,103,1.7972222222222223,0.1672169001540169,1
5,5,400,19,0.76,12,0.6842105263157895,13,8,56,1.7307692307692308,0.17905328000779264,6
5,5,400,19,0.76,13,0.7894736842105263,15,13,99,1.8144444444444443,0.16340405018127058,4
5,5,400,19,0.76,14,0.8421052631578947,16,11,103,1.75625,0.15599994971125852,3
5,5,400,19,0.76,15,0.7368421052631579,14,8,61,1.4642857142857142,0.16481832972203847,5
5,5,400,19,0.76,16,0.6842105263157895,13,9,63,1.6717948717948719,0.1729716404224746,6
5,5,400,19,0.76,17,0.8421052631578947,16,11,63,2.001190476190476,0.15973109046171885,3
5,5,400,19,0.76,18,0.9473684210526315,18,10,107,1.803835978835979,0.1515162902069278,1
5,5,400,19,0.76,19,0.8947368421052632,17,15,101,1.8313725490196078,0.15572574993711896,2
5,5,400,19,0.76,20,0.8421052631578947,16,18,118,1.8151041666666667,0.1530078100040555,3
5,5,400,19,0.76,21,0.8421052631578947,16,15,97,1.7604166666666667,0.15223706956021488,3
5,5,400,19,0.76,22,0.7368421052631579,14,10,61,1.457142857142857,0.16855986003065482,5
5,5,400,19,0.76,23,0.9473684210526315,18,11,76,1.712037037037037,0.15800348031916656,1
5,5,400,19,0.76,24,0.9473684210526315,18,16,137,2.524074074074074,0.14575145025446545,1
5,5,400,19,0.76,25,0.8421052631578947,16,7,60,1.55625,0.15780683017510455,3
5,5,400,19,0.76,26,0.7894736842105263,15,19,118,2.363492063492063,0.16888891033886466,4
5,5,400,19,0.76,27,0.8421052631578947,16,14,83,1.7375,0.15920487967377994,3
5,5,400,19,0.76,28,0.9473684210526315,18,14,121,2.716666666666667,0.16350180987501517,1
5,5,400,19,0.76,29,0.8947368421052632,17,11,107,2.6392156862745098,0.15843993038288318,2
5,5,400,20,0.8,0,0.9,18,15,124,1.7675925925925926,0.19112430993118323,2
5,5,400,20,0.8,1,0.5,10,6,31,1.55,0.1829061403986998,10
5,5,400,20,0.8,2,0.9,18,11,92,1.7657407407407408,0.17109353037085384,2
5,5,400,20,0.8,3,0.9,18,10,97,1.8862433862433865,0.1670080598705681,2
5,5,400,20,0.8,4,1.0,20,17,143,2.315833333333333,0.16194033029023558,0
5,5,400,20,0.8,5,1.0,20,22,135,2.2975000000000003,0.1711938299558824,0
5,5,400,20,0.8,6,0.8,16,13,78,1.575,0.1879188700695522,4
5,5,400,20,0.8,7,0.75,15,11,70,1.7833333333333334,0.18883370968978852,5
5,5,400,20,0.8,8,0.9,18,12,103,2.3425925925925926,0.17737379981554113,2
5,5,400,20,0.8,9,0.95,19,12,96,1.87531328320802,0.1594286698673386,1
5,5,400,20,0.8,10,0.8,16,21,100,1.8422619047619047,0.1799260699772276,4
5,5,400,20,0.8,11,0.9,18,12,88,1.8305555555555557,0.1736499297840055,2
5,5,400,20,0.8,12,0.85,17,13,107,1.8102240896358543,0.1743899202119792,3
5,5,400,20,0.8,13,0.75,15,12,62,1.5111111111111113,0.1782813602767419,5
5,5,400,20,0.8,14,0.95,19,14,117,2.0631578947368423,0.2505750302952947,1
5,5,400,20,0.8,15,0.8,16,15,93,2.04375,0.24217976002546493,4
5,5,400,20,0.8,16,0.5,10,8,43,2.4899999999999998,0.2006955797696719,10
5,5,400,20,0.8,17,0.95,19,16,107,2.0789473684210527,0.16967818002740387,1
5,5,400,20,0.8,18,0.8,16,13,91,2.474702380952381,0.17879225997603498,4
5,5,400,20,0.8,19,0.85,17,16,95,1.7333333333333334,0.17127033992437646,3
5,5,400,20,0.8,20,0.85,17,12,71,1.6549019607843136,0.16628822959319223,3
5,5,400,20,0.8,21,0.9,18,17,111,2.1620370370370368,0.16993918965454213,2
5,5,400,20,0.8,22,0.95,19,29,189,2.3206766917293233,0.1677820501208771,1
5,5,400,20,0.8,23,1.0,20,24,160,2.2399999999999998,0.17202779024955817,0
5,5,400,20,0.8,24,0.95,19,17,112,1.6684210526315788,0.16221545003645588,1
5,5,400,20,0.8,25,0.95,19,13,109,2.483333333333333,0.17298711973126046,1
5,5,400,20,0.8,26,0.95,19,23,176,2.833020050125313,0.17931694979779422,1
5,5,400,20,0.8,27,0.95,19,10,81,1.8259398496240602,0.1784448599210009,1
5,5,400,20,0.8,28,0.9,18,15,109,1.9351851851851853,0.17688638021354564,2
5,5,400,20,0.8,29,0.65,13,9,61,1.4846153846153847,0.18093448961735703,7
5,5,400,21,0.84,0,0.9047619047619048,19,13,108,1.8157894736842106,0.1836862198979361,2
5,5,400,21,0.84,1,0.9523809523809523,20,27,143,1.9379166666666667,0.18114871993020643,1
5,5,400,21,0.84,2,0.9047619047619048,19,16,101,2.174561403508772,0.1961545098311035,2
5,5,400,21,0.84,3,0.7619047619047619,16,15,119,2.1802083333333333,0.1919652194919763,5
5,5,400,21,0.84,4,0.9047619047619048,19,16,169,2.5240601503759397,0.17919113030075096,2
5,5,400,21,0.84,5,0.9523809523809523,20,15,91,1.6858333333333335,0.1924299797246931,1
5,5,400,21,0.84,6,0.9523809523809523,20,14,126,2.465,0.17120498981967103,1
5,5,400,21,0.84,7,1.0,21,18,148,1.9055555555555554,0.16386706032790244,0
5,5,400,21,0.84,8,0.5238095238095238,11,7,40,1.5606060606060608,0.19058331970882136,10
5,5,400,21,0.84,9,0.7619047619047619,16,9,72,1.5,0.18703092959185597,5
5,5,400,21,0.84,10,0.9523809523809523,20,22,181,2.8308333333333335,0.17897990983328782,1
5,5,400,21,0.84,11,0.9523809523809523,20,20,138,1.9075,0.17623163977987133,1
5,5,400,21,0.84,12,0.8095238095238095,17,24,166,3.144117647058824,0.18557737006631214,4
5,5,400,21,0.84,13,0.9047619047619048,19,13,109,1.7853383458646617,0.16748060006648302,2
5,5,400,21,0.84,14,1.0,21,16,152,2.242063492063492,0.16580754003371112,0
5,5,400,21,0.84,15,0.8571428571428571,18,9,76,1.8925925925925928,0.1879672400536947,3
5,5,400,21,0.84,16,0.8571428571428571,18,9,76,1.7361111111111112,0.17983936035307124,3
5,5,400,21,0.84,17,0.9047619047619048,19,17,130,2.092982456140351,0.188413789801416,2
5,5,400,21,0.84,18,0.8095238095238095,17,18,147,3.3215686274509806,0.18750668998109177,4
5,5,400,21,0.84,19,0.9047619047619048,19,36,176,2.7476190476190476,0.1825668198580388,2
5,5,400,21,0.84,20,0.7619047619047619,16,10,66,1.88125,0.1949655196222011,5
5,5,400,21,0.84,21,0.9523809523809523,20,19,130,2.3790476190476193,0.1748835598846199,1
5,5,400,21,0.84,22,0.9047619047619048,19,17,120,1.8932330827067672,0.17755057000613306,2
5,5,400,21,0.84,23,0.7142857142857143,15,10,69,1.8,0.19915734003006946,6
5,5,400,21,0.84,24,0.9523809523809523,20,13,127,1.9575,0.16295050947519485,1
5,5,400,21,0.84,25,0.9047619047619048,19,11,96,1.8269423558897244,0.17774174972146284,2
5,5,400,21,0.84,26,0.8095238095238095,17,11,93,1.6068627450980393,0.18075862994010095,4
5,5,400,21,0.84,27,0.8095238095238095,17,11,83,1.5658263305322129,0.1911394602211658,4
5,5,400,21,0.84,28,0.9047619047619048,19,18,124,2.4789473684210526,0.18240752004203387,2
5,5,400,21,0.84,29,0.5238095238095238,11,5,35,1.6363636363636365,0.19351442009792663,10
5,5,400,22,0.88,0,0.8636363636363636,19,20,111,2.115789473684211,0.1985965299536474,3
5,5,400,22,0.88,1,0.7727272727272727,17,15,144,2.537535014005602,0.2085688096121885,5
5,5,400,22,0.88,2,0.7272727272727273,16,14,85,2.5458333333333334,0.19899981016351376,6
5,5,400,22,0.88,3,0.8636363636363636,19,18,128,2.218421052631579,0.18462835963873658,3
5,5,400,22,0.88,4,0.9090909090909091,20,12,102,2.0925000000000002,0.21364743006415665,2
5,5,400,22,0.88,5,0.6818181818181818,15,8,60,1.3833333333333333,0.21130791057657916,7
5,5,400,22,0.88,6,0.5909090909090909,13,13,66,1.4197802197802196,0.239241929812124,9
5,5,400,22,0.88,7,0.8636363636363636,19,14,150,2.1017543859649126,0.21467412043421064,3
5,5,400,22,0.88,8,0.9545454545454546,21,20,183,2.7039682539682537,0.20895557972835377,1
5,5,400,22,0.88,9,0.8181818181818182,18,23,148,3.0462962962962963,0.20795275006094016,4
5,5,400,22,0.88,10,0.7272727272727273,16,13,79,2.2958333333333334,0.20052554951689672,6
5,5,400,22,0.88,11,1.0,22,15,130,1.8893939393939396,0.1883163905586116,0
5,5,400,22,0.88,12,1.0,22,26,178,2.559848484848485,0.20138309999310877,0
5,5,400,22,0.88,13,0.8636363636363636,19,22,155,2.4105263157894736,0.20373019986436702,3
5,5,400,22,0.88,14,0.9545454545454546,21,35,199,3.2261904761904763,0.19899034028640017,1
5,5,400,22,0.88,15,0.9090909090909091,20,17,147,2.96375,0.1896863498404855,2
5,5,400,22,0.88,16,0.8181818181818182,18,13,134,2.385185185185185,0.20210306007356849,4
5,5,400,22,0.88,17,0.7272727272727273,16,11,62,1.309375,0.1999049297592137,6
5,5,400,22,0.88,18,0.9090909090909091,20,15,142,2.9916666666666667,0.20141574008448515,2
5,5,400,22,0.88,19,0.6818181818181818,15,11,81,1.8514285714285714,0.2111640400835313,7
5,5,400,22,0.88,20,0.9545454545454546,21,17,144,2.4404761904761907,0.2025682499515824,1
5,5,400,22,0.88,21,0.9090909090909091,20,16,108,2.0300000000000002,0.20630649007216562,2
5,5,400,22,0.88,22,0.6363636363636364,14,8,61,1.9642857142857142,0.19865136971930042,8
5,5,400,22,0.88,23,0.7727272727272727,17,12,97,1.9215686274509802,0.20411161007359624,5
5,5,400,22,0.88,24,0.9090909090909091,20,24,178,2.6258333333333335,0.1948253499722341,2
5,5,400,22,0.88,25,0.9545454545454546,21,11,115,2.2587301587301587,0.19070894035394304,1
5,5,400,22,0.88,26,0.9090909090909091,20,20,164,3.0754761904761905,0.18725448040640913,2
5,5,400,22,0.88,27,0.7727272727272727,17,11,70,1.5745098039215686,0.20659514993894845,5
5,5,400,22,0.88,28,0.8636363636363636,19,25,197,4.2482456140350875,0.19851663055305835,3
5,5,400,22,0.88,29,0.9090909090909091,20,16,175,3.068452380952381,0.20780698032467626,2
5,5,400,23,0.92,0,0.9565217391304348,22,13,137,2.3000000000000003,0.19746584010135848,1
5,5,400,23,0.92,1,1.0,23,19,201,2.805072463768116,0.1787369693920482,0
5,5,400,23,0.92,2,1.0,23,16,175,2.2884057971014493,0.2310784005385358,0
5,5,400,23,0.92,3,0.782608695652174,18,21,124,2.060185185185185,0.22018398973159492,5
5,5,400,23,0.92,4,0.8695652173913043,20,14,117,1.793452380952381,0.21743945006164722,3
5,5,400,23,0.92,5,0.9130434782608695,21,17,162,2.4264172335600906,0.2264157297759084,2
5,5,400,23,0.92,6,0.8260869565217391,19,22,205,3.0838345864661654,0.2517478200024925,4
5,5,400,23,0.92,7,0.9130434782608695,21,25,217,4.008730158730159,0.23193241984699853,2
5,5,400,23,0.92,8,0.9130434782608695,21,13,143,2.261904761904762,0.20375076004711445,2
5,5,400,23,0.92,9,0.782608695652174,18,15,127,2.0592592592592593,0.2541582499543438,5
5,5,400,23,0.92,10,0.9130434782608695,21,20,191,2.5690476190476192,0.270368439523736,2
5,5,400,23,0.92,11,0.7391304347826086,17,11,79,1.503921568627451,0.22205422013939824,6
5,5,400,23,0.92,12,0.8695652173913043,20,16,142,2.245833333333333,0.21631149982567877,3
5,5,400,23,0.92,13,0.9130434782608695,21,14,146,2.049206349206349,0.22129589000542182,2
5,5,400,23,0.92,14,0.782608695652174,18,22,134,2.575,0.21560426022915635,5
5,5,400,23,0.92,15,0.782608695652174,18,14,121,2.291269841269841,0.20005446000141092,5
5,5,400,23,0.92,16,0.5652173913043478,13,13,92,1.93974358974359,0.2147165198402945,10
5,5,400,23,0.92,17,0.8695652173913043,20,19,162,2.6391666666666667,0.20357795045129023,3
5,5,400,23,0.92,18,1.0,23,19,215,3.077432712215321,0.21596870996290818,0
5,5,400,23,0.92,19,0.8260869565217391,19,15,105,2.1728070175438594,0.21516453023650683,4
5,5,400,23,0.92,20,0.8260869565217391,19,17,172,3.0565789473684206,0.23051233001751825,4
5,5,400,23,0.92,21,0.9565217391304348,22,18,161,2.079978354978355,0.2078608206647914,1
5,5,400,23,0.92,22,0.9130434782608695,21,14,113,2.0657596371882088,0.20911860970954876,2
5,5,400,23,0.92,23,0.7391304347826086,17,17,130,2.096078431372549,0.25482877987087704,6
5,5,400,23,0.92,24,1.0,23,24,198,2.384472049689441,0.205992269620765,0
5,5,400,23,0.92,25,0.7391304347826086,17,23,172,4.614705882352942,0.2192685996851651,6
5,5,400,23,0.92,26,0.8695652173913043,20,18,152,2.6,0.2122378703643335,3
5,5,400,23,0.92,27,0.9130434782608695,21,32,202,4.095238095238095,0.20971256039047148,2
5,5,400,23,0.92,28,0.8695652173913043,20,17,207,3.1191666666666666,0.21191363957768772,3
5,5,400,23,0.92,29,0.8695652173913043,20,22,202,2.7696428571428573,0.2327068600425264,3
5,5,400,24,0.96,0,0.875,21,16,170,2.36984126984127,0.23949846996401902,3
5,5,400,24,0.96,1,0.7916666666666666,19,21,186,3.482330827067669,0.2363047103426652,5
5,5,400,24,0.96,2,0.875,21,23,183,2.8357142857142854,0.23230257975228596,3
5,5,400,24,0.96,3,0.8333333333333334,20,18,150,2.5529761904761905,0.23345373017946258,4
5,5,400,24,0.96,4,0.9166666666666666,22,13,151,2.4946969696969696,0.20636739005567506,2
5,5,400,24,0.96,5,0.9166666666666666,22,17,199,2.7735930735930734,0.21500590999494307,2
5,5,400,24,0.96,6,0.7916666666666666,19,18,142,3.11140350877193,0.24181960980058648,5
5,5,400,24,0.96,7,0.8333333333333334,20,18,190,2.5366666666666666,0.2381488100218121,4
5,5,400,24,0.96,8,0.9583333333333334,23,20,170,2.5275362318840577,0.24574777009547688,1
5,5,400,24,0.96,9,0.8333333333333334,20,15,153,2.695,0.2281055603089044,4
5,5,400,24,0.96,10,0.9166666666666666,22,15,192,3.091558441558442,0.22607869053899776,2
5,5,400,24,0.96,11,0.9166666666666666,22,17,162,2.8227272727272728,0.22033481014659628,2
5,5,400,24,0.96,12,0.875,21,22,172,2.60062358276644,0.23214537985040806,3
5,5,400,24,0.96,13,0.875,21,14,122,1.8435374149659864,0.23153795023972634,3
5,5,400,24,0.96,14,0.9583333333333334,23,22,216,2.938302277432712,0.23234740983753,1
5,5,400,24,0.96,15,0.875,21,34,312,4.468253968253968,0.23645814035262447,3
5,5,400,24,0.96,16,0.7916666666666666,19,21,186,2.408646616541353,0.23231574006786104,5
5,5,400,24,0.96,17,1.0,24,28,272,3.934027777777778,0.23247341967362445,0
5,5,400,24,0.96,18,0.875,21,17,165,2.6568027210884355,0.2522841802419862,3
5,5,400,24,0.96,19,0.875,21,20,172,2.384126984126984,0.23568711992993485,3
5,5,400,24,0.96,20,0.9166666666666666,22,17,139,2.1924242424242424,0.2486602798308013,2
5,5,400,24,0.96,21,0.9166666666666666,22,20,159,2.0931818181818183,0.23199034003482666,2
5,5,400,24,0.96,22,0.7916666666666666,19,19,192,3.8865914786967415,0.2363961303490214,5
5,5,400,24,0.96,23,0.875,21,20,170,2.7239229024943308,0.27960961058852263,3
5,5,400,24,0.96,24,0.8333333333333334,20,18,166,2.663333333333333,0.27461202975246124,4
5,5,400,24,0.96,25,0.75,18,14,111,2.539814814814815,0.2341805700416444,6
5,5,400,24,0.96,26,0.9583333333333334,23,18,198,2.699275362318841,0.23628498980542645,1
5,5,400,24,0.96,27,0.8333333333333334,20,27,175,2.3466666666666667,0.2533290895371465,4
5,5,400,24,0.96,28,0.9166666666666666,22,25,173,2.9257575757575753,0.2279690402065171,2
5,5,400,24,0.96,29,0.875,21,20,172,3.5857142857142854,0.24911782988056075,3
5,5,400,25,1.0,0,0.88,22,17,173,2.520995670995671,0.28658219998760615,3
5,5,400,25,1.0,1,0.88,22,22,256,3.515367965367965,0.26499781029997393,3
5,5,400,25,1.0,2,0.92,23,39,385,4.594927536231884,0.31062315989402123,2
5,5,400,25,1.0,3,0.88,22,18,207,4.1439393939393945,0.29906069008575287,3
5,5,400,25,1.0,4,0.96,24,21,202,2.784722222222222,0.328275240608491,1
5,5,400,25,1.0,5,0.92,23,36,211,3.0731884057971017,0.30630376990302466,2
5,5,400,25,1.0,6,1.0,25,29,312,3.388,0.2975024504848989,0
5,5,400,25,1.0,7,1.0,25,25,309,4.308,0.2860516901273513,0
5,5,400,25,1.0,8,1.0,25,33,324,3.7460000000000004,0.26877271018747706,0
5,5,400,25,1.0,9,0.92,23,31,260,3.0050724637681157,0.3106853998906445,2
5,5,400,25,1.0,10,0.96,24,39,268,4.868055555555555,0.3586104901478393,1
5,5,400,25,1.0,11,0.96,24,28,266,3.355753968253968,0.2938579198962543,1
5,5,400,25,1.0,12,0.92,23,32,246,3.1423913043478264,0.26555067983281333,2
5,5,400,25,1.0,13,0.96,24,32,266,2.939880952380952,0.2943719701579539,1
5,5,400,25,1.0,14,0.84,21,28,219,2.803174603174603,0.30451826060016174,4
5,5,400,25,1.0,15,0.92,23,18,199,3.252173913043478,0.3044739196775481,2
5,5,400,25,1.0,16,0.88,22,43,257,4.5613636363636365,0.30164664967742283,3
5,5,400,25,1.0,17,0.96,24,34,342,3.6457341269841272,0.29248842016386334,1
5,5,400,25,1.0,18,0.96,24,35,322,3.475347222222222,0.2838927698758198,1
5,5,400,25,1.0,19,0.92,23,30,253,3.4105072463768114,0.28618992917472497,2
5,5,400,25,1.0,20,1.0,25,23,275,3.975095238095238,0.2901563002524199,0
5,5,400,25,1.0,21,0.64,16,11,93,2.0083333333333333,0.2923299300891813,9
5,5,400,25,1.0,22,0.96,24,29,228,2.8222222222222224,0.2897470995230833,1
5,5,400,25,1.0,23,0.92,23,23,255,3.3907867494824018,0.27285115982522257,2
5,5,400,25,1.0,24,0.92,23,21,227,3.38731884057971,0.29375327947491314,2
5,5,400,25,1.0,25,1.0,25,19,217,2.755333333333333,0.3040291101206094,0
5,5,400,25,1.0,26,1.0,25,36,308,3.85247619047619,0.2936851004778873,0
5,5,400,25,1.0,27,0.6,15,15,114,2.8350793650793653,0.28073318986571394,10
5,5,400,25,1.0,28,0.96,24,28,281,3.505555555555555,0.2804199099773541,1
5,5,400,25,1.0,29,1.0,25,24,245,3.2760000000000002,0.27513251989148557,0
8,8,250,2,0.0312,0,1.0,2,10,16,1.0,0.013896350137656555,0
8,8,250,2,0.0312,1,1.0,2,7,10,1.0,0.012459600111469626,0
8,8,250,2,0.0312,2,1.0,2,7,13,1.0,0.01359163987217471,0
8,8,250,2,0.0312,3,1.0,2,9,12,1.0,0.012295259948587045,0
8,8,250,2,0.0312,4,1.0,2,6,9,1.0,0.013409499733825214,0
8,8,250,2,0.0312,5,1.0,2,7,11,1.0,0.012440930076991208,0
8,8,250,2,0.0312,6,1.0,2,9,13,1.0,0.014398409839486703,0
8,8,250,2,0.0312,7,1.0,2,5,7,1.0,0.013513139929273166,0
8,8,250,2,0.0312,8,1.0,2,10,20,1.125,0.012836160240112804,0
8,8,250,2,0.0312,9,1.0,2,9,13,1.0,0.013772929814876989,0
8,8,250,2,0.0312,10,1.0,2,11,19,1.0,0.012795230068149976,0
8,8,250,2,0.0312,11,1.0,2,7,8,1.0,0.012405340166878887,0
8,8,250,2,0.0312,12,1.0,2,2,4,1.0,0.014657250285381451,0
8,8,250,2,0.0312,13,1.0,2,8,9,1.0,0.012977929873159155,0
8,8,250,2,0.0312,14,1.0,2,8,16,1.1666666666666665,0.015725919656688347,0
8,8,250,2,0.0312,15,1.0,2,7,12,1.2,0.013243189314380288,0
8,8,250,2,0.0312,16,1.0,2,3,6,1.0,0.026673079846659675,0
8,8,250,2,0.0312,17,1.0,2,2,3,1.0,0.014762959544896148,0
8,8,250,2,0.0312,18,1.0,2,11,20,1.0,0.01331756022409536,0
8,8,250,2,0.0312,19,1.0,2,10,17,1.0,0.013817190192639828,0
8,8,250,2,0.0312,20,1.0,2,2,3,1.0,0.013905090017942712,0
8,8,250,2,0.0312,21,1.0,2,4,7,1.0,0.013922690486651845,0
8,8,250,2,0.0312,22,1.0,2,10,14,1.0,0.0129355100216344,0
8,8,250,2,0.0312,23,1.0,2,8,15,1.0,0.012498940050136298,0
8,8,250,2,0.0312,24,1.0,2,5,7,1.0,0.013506079922080971,0
8,8,250,2,0.0312,25,1.0,2,10,16,1.0,0.013453270075842738,0
8,8,250,2,0.0312,26,1.0,2,9,17,1.0,0.013094899331917986,0
8,8,250,2,0.0312,27,1.0,2,4,7,1.0,0.014847019920125604,0
8,8,250,2,0.0312,28,1.0,2,5,6,1.0,0.014678519728477113,0
8,8,250,2,0.0312,29,1.0,2,6,11,1.0,0.013950009815744124,0
8,8,250,3,0.0469,0,1.0,3,8,12,1.0,0.019659649769891985,0
8,8,250,3,0.0469,1,1.0,3,13,26,1.0952380952380951,0.018535790441092104,0
8,8,250,3,0.0469,2,1.0,3,8,17,1.0,0.019367499844520353,0
8,8,250,3,0.0469,3,1.0,3,11,18,1.0,0.018069679790642112,0
8,8,250,3,0.0469,4,1.0,3,7,14,1.0,0.0191284398897551,0
8,8,250,3,0.0469,5,1.0,3,6,13,1.0,0.01829925982747227,0
8,8,250,3,0.0469,6,1.0,3,13,19,1.0,0.018324199845665134,0
8,8,250,3,0.0469,7,1.0,3,10,20,1.0,0.020543319697026163,0
8,8,250,3,0.0469,8,1.0,3,11,26,1.0,0.019620559833128937,0
8,8,250,3,0.0469,9,1.0,3,7,16,1.0,0.018168509704992175,0
8,8,250,3,0.0469,10,1.0,3,7,12,1.0,0.018930090154753998,0
8,8,250,3,0.0469,11,1.0,3,11,18,1.0,0.01893286971608177,0
8,8,250,3,0.0469,12,1.0,3,8,19,1.0,0.018330360180698335,0
8,8,250,3,0.0469,13,1.0,3,7,16,1.1333333333333333,0.020339629554655403,0
8,8,250,3,0.0469,14,1.0,3,8,15,1.0,0.01973569997062441,0
8,8,250,3,0.0469,15,1.0,3,8,13,1.0,0.019704870210262015,0
8,8,250,3,0.0469,16,1.0,3,4,9,1.0,0.02086610984406434,0
8,8,250,3,0.0469,17,1.0,3,4,10,1.3333333333333333,0.020645010081352666,0
8,8,250,3,0.0469,18,1.0,3,8,15,1.0,0.019986750485259108,0
8,8,250,3,0.0469,19,1.0,3,9,21,1.0,0.020139639600529335,0
8,8,250,3,0.0469,20,1.0,3,6,13,1.0,0.019362269595148973,0
8,8,250,3,0.0469,21,1.0,3,5,13,1.0,0.019654580028145574,0
8,8,250,3,0.0469,22,1.0,3,5,11,1.0,0.018469410424586385,0
8,8,250,3,0.0469,23,1.0,3,9,19,1.0,0.01880551986687351,0
8,8,250,3,0.0469,24,1.0,3,8,18,1.0,0.02033411008596886,0
8,8,250,3,0.0469,25,1.0,3,10,24,1.0,0.018723650136962533,0
8,8,250,3,0.0469,26,1.0,3,9,15,1.0,0.01818474971514661,0
8,8,250,3,0.0469,27,1.0,3,8,20,1.0,0.020741370535688475,0
8,8,250,3,0.0469,28,1.0,3,8,13,1.0,0.02056908000668045,0
8,8,250,3,0.0469,29,1.0,3,4,7,1.0,0.019880589898093604,0
8,8,250,4,0.0625,0,1.0,4,7,20,1.0,0.02616230987769086,0
8,8,250,4,0.0625,1,1.0,4,12,37,1.0,0.025433770424569957,0
8,8,250,4,0.0625,2,1.0,4,7,21,1.0,0.03531898059009109,0
8,8,250,4,0.0625,3,1.0,4,8,22,1.0,0.02575136000814382,0
8,8,250,4,0.0625,4,1.0,4,7,19,1.0,0.026289080269634724,0
8,8,250,4,0.0625,5,1.0,4,10,28,1.0625,0.02676351032278035,0
8,8,250,4,0.0625,6,1.0,4,9,26,1.0,0.025060039915842935,0
8,8,250,4,0.0625,7,1.0,4,5,12,1.0,0.026822750151040964,0
8,8,250,4,0.0625,8,1.0,4,7,20,1.0,0.02711689034185838,0
8,8,250,4,0.0625,9,1.0,4,12,30,1.0,0.024608049861853942,0
8,8,250,4,0.0625,10,1.0,4,6,16,1.0,0.025196919377776794,0
8,8,250,4,0.0625,11,1.0,4,11,29,1.0,0.02431548055028543,0
8,8,250,4,0.0625,12,1.0,4,8,21,1.0,0.024091129889711738,0
8,8,250,4,0.0625,13,1.0,4,6,12,1.0,0.02542340000218246,0
8,8,250,4,0.0625,14,1.0,4,8,25,1.3333333333333335,0.027831930128741078,0
8,8,250,4,0.0625,15,1.0,4,4,10,1.0,0.026017409618361853,0
8,8,250,4,0.0625,16,1.0,4,8,21,1.25,0.024593620109953918,0
8,8,250,4,0.0625,17,1.0,4,6,18,1.0,0.027179920143680647,0
8,8,250,4,0.0625,18,1.0,4,8,22,1.0,0.02588754978205543,0
8,8,250,4,0.0625,19,1.0,4,6,16,1.0,0.026526749643380754,0
8,8,250,4,0.0625,20,1.0,4,6,19,1.25,0.0274576002266258,0
8,8,250,4,0.0625,21,1.0,4,5,15,1.0,0.0266495600953931,0
8,8,250,4,0.0625,22,1.0,4,8,23,1.0833333333333333,0.026114519860129803,0
8,8,250,4,0.0625,23,1.0,4,9,27,1.0,0.025463350393692963,0
8,8,250,4,0.0625,24,1.0,4,4,10,1.0,0.026520849933149293,0
8,8,250,4,0.0625,25,1.0,4,7,20,1.0,0.02463263983372599,0
8,8,250,4,0.0625,26,1.0,4,9,23,1.0714285714285714,0.02619316044729203,0
8,8,250,4,0.0625,27,1.0,4,10,25,1.125,0.028115040258853696,0
8,8,250,4,0.0625,28,1.0,4,8,22,1.0,0.026725450152298436,0
8,8,250,4,0.0625,29,1.0,4,7,15,1.0,0.02641314989887178,0
8,8,250,5,0.0781,0,1.0,5,9,26,1.0571428571428572,0.03354111984663177,0
8,8,250,5,0.0781,1,1.0,5,12,35,1.04,0.03326627047499642,0
8,8,250,5,0.0781,2,1.0,5,7,21,1.0,0.03179022001859266,0
8,8,250,5,0.0781,3,1.0,5,9,31,1.0,0.03147711016936228,0
8,8,250,5,0.0781,4,1.0,5,6,24,1.0,0.032244450121652335,0
8,8,250,5,0.0781,5,1.0,5,10,33,1.1,0.03175780024321284,0
8,8,250,5,0.0781,6,1.0,5,9,21,1.0,0.03061871997488197,0
8,8,250,5,0.0781,7,1.0,5,11,34,1.0,0.03281041019363329,0
8,8,250,5,0.0781,8,1.0,5,9,27,1.0,0.03386269017937593,0
8,8,250,5,0.0781,9,1.0,5,10,28,1.0,0.03457181985140778,0
8,8,250,5,0.0781,10,1.0,5,8,28,1.16,0.0315434999356512,0
8,8,250,5,0.0781,11,1.0,5,11,33,1.0,0.03238473036617506,0
8,8,250,5,0.0781,12,1.0,5,10,25,1.0,0.033324979958706535,0
8,8,250,5,0.0781,13,1.0,5,7,23,1.0,0.03509282956656534,0
8,8,250,5,0.0781,14,1.0,5,10,31,1.1,0.0346911702217767,0
8,8,250,5,0.0781,15,1.0,5,8,24,1.2,0.03348682927025948,0
8,8,250,5,0.0781,16,1.0,5,12,26,1.0,0.03075566048210021,0
8,8,250,5,0.0781,17,1.0,5,9,29,1.1,0.03308416999061592,0
8,8,250,5,0.0781,18,1.0,5,8,33,1.0,0.03219476995582227,0
8,8,250,5,0.0781,19,1.0,5,8,20,1.0,0.03310310989036225,0
8,8,250,5,0.0781,20,1.0,5,8,29,1.6,0.04052173018862959,0
8,8,250,5,0.0781,21,1.0,5,12,32,1.0,0.03500537000945769,0
8,8,250,5,0.0781,22,1.0,5,8,29,1.0,0.03523907013004646,0
8,8,250,5,0.0781,23,1.0,5,8,32,1.0,0.03207786961866077,0
8,8,250,5,0.0781,24,1.0,5,8,21,1.0,0.03762237000046298,0
8,8,250,5,0.0781,25,1.0,5,11,24,1.0,0.031838909853831865,0
8,8,250,5,0.0781,26,1.0,5,10,37,1.05,0.03441351007495541,0
8,8,250,5,0.0781,27,1.0,5,11,32,1.0,0.03275053000834305,0
8,8,250,5,0.0781,28,1.0,5,6,20,1.1333333333333333,0.03654805004771333,0
8,8,250,5,0.0781,29,1.0,5,9,25,1.0,0.037560849377769046,0
8,8,250,6,0.0938,0,1.0,6,9,27,1.0,0.044479460339061916,0
8,8,250,6,0.0938,1,1.0,6,9,33,1.1587301587301588,0.03833563001535367,0
8,8,250,6,0.0938,2,1.0,6,7,19,1.0,0.04297056009818334,0
8,8,250,6,0.0938,3,1.0,6,9,32,1.0,0.040471019528922625,0
8,8,250,6,0.0938,4,1.0,6,10,28,1.0,0.03936993016395718,0
8,8,250,6,0.0938,5,1.0,6,7,25,1.0,0.04134666953177657,0
8,8,250,6,0.0938,6,1.0,6,12,42,1.0,0.0385273002757458,0
8,8,250,6,0.0938,7,1.0,6,8,28,1.0,0.03823598992312327,0
8,8,250,6,0.0938,8,1.0,6,11,43,1.0,0.03558234995580278,0
8,8,250,6,0.0938,9,1.0,6,10,45,1.1666666666666667,0.04030611024063546,0
8,8,250,6,0.0938,10,1.0,6,10,31,1.0416666666666667,0.037522349739447236,0
8,8,250,6,0.0938,11,1.0,6,8,28,1.0555555555555556,0.03859117001411505,0
8,8,250,6,0.0938,12,1.0,6,8,34,1.0,0.03794261996517889,0
8,8,250,6,0.0938,13,1.0,6,10,35,1.0,0.0394401704397751,0
8,8,250,6,0.0938,14,1.0,6,8,29,1.0,0.04048951974255033,0
8,8,250,6,0.0938,15,1.0,6,9,34,1.0555555555555556,0.03839297030935995,0
8,8,250,6,0.0938,16,1.0,6,9,41,1.0476190476190477,0.03868896012136247,0
8,8,250,6,0.0938,17,1.0,6,10,39,1.0,0.03897896021953784,0
8,8,250,6,0.0938,18,1.0,6,10,39,1.0,0.03840820012555923,0
8,8,250,6,0.0938,19,0.8333333333333334,5,10,32,1.0,0.04281812995031942,1
8,8,250,6,0.0938,20,1.0,6,11,35,1.0,0.03932928942958824,0
8,8,250,6,0.0938,21,1.0,6,8,38,1.1333333333333333,0.040088119931169786,0
8,8,250,6,0.0938,22,1.0,6,10,35,1.0,0.03834867020486854,0
8,8,250,6,0.0938,23,1.0,6,13,44,1.0,0.0386047396750655,0
8,8,250,6,0.0938,24,1.0,6,10,30,1.0416666666666667,0.03936006971343886,0
8,8,250,6,0.0938,25,1.0,6,9,35,1.0,0.03914548993634526,0
8,8,250,6,0.0938,26,1.0,6,9,44,1.0666666666666667,0.038893980090506375,0
8,8,250,6,0.0938,27,1.0,6,11,38,1.0,0.03832495982351247,0
8,8,250,6,0.0938,28,1.0,6,6,18,1.0,0.04042540989757981,0
8,8,250,6,0.0938,29,1.0,6,8,29,1.0,0.038849869670229964,0
8,8,250,7,0.1094,0,1.0,7,9,34,1.0,0.04680020014347974,0
8,8,250,7,0.1094,1,1.0,7,14,47,1.1904761904761905,0.048893279672483914,0
8,8,250,7,0.1094,2,1.0,7,7,22,1.0,0.04980255056580063,0
8,8,250,7,0.1094,3,1.0,7,9,37,1.0952380952380953,0.04759528048452921,0
8,8,250,7,0.1094,4,1.0,7,7,30,1.0,0.044218420080142096,0
8,8,250,7,0.1094,5,1.0,7,7,26,1.0,0.05011349952837918,0
8,8,250,7,0.1094,6,1.0,7,12,45,1.0285714285714287,0.044966189670958556,0
8,8,250,7,0.1094,7,1.0,7,8,41,1.0,0.047399059985764325,0
8,8,250,7,0.1094,8,1.0,7,11,47,1.0,0.04673325973271858,0
8,8,250,7,0.1094,9,1.0,7,10,57,1.2714285714285716,0.04792289990291465,0
8,8,250,7,0.1094,10,0.8571428571428571,6,9,37,1.0,0.053672939975513145,1
8,8,250,7,0.1094,11,1.0,7,9,39,1.0408163265306123,0.04875790000369307,0
8,8,250,7,0.1094,12,1.0,7,10,48,1.0357142857142858,0.04742857956443913,0
8,8,250,7,0.1094,13,1.0,7,10,37,1.0,0.04718070958915632,0
8,8,250,7,0.1094,14,1.0,7,12,55,1.3360544217687076,0.04603035980835557,0
8,8,250,7,0.1094,15,1.0,7,6,28,1.0,0.044982090112171136,0
8,8,250,7,0.1094,16,1.0,7,11,40,1.1428571428571428,0.04492826024943497,0
8,8,250,7,0.1094,17,1.0,7,10,42,1.0,0.045643050034414046,0
8,8,250,7,0.1094,18,1.0,7,12,41,1.0476190476190477,0.0465366400021594,0
8,8,250,7,0.1094,19,1.0,7,9,38,1.0,0.04781007970450446,0
8,8,250,7,0.1094,20,1.0,7,11,54,1.1904761904761905,0.046124430518830195,0
8,8,250,7,0.1094,21,1.0,7,7,26,1.0952380952380953,0.0470553596096579,0
8,8,250,7,0.1094,22,1.0,7,10,37,1.0,0.04438566043972969,0
8,8,250,7,0.1094,23,1.0,7,6,26,1.0952380952380953,0.04630785006156657,0
8,8,250,7,0.1094,24,1.0,7,8,32,1.0,0.0474417502846336,0
8,8,250,7,0.1094,25,1.0,7,9,42,1.0,0.04556278989184648,0
8,8,250,7,0.1094,26,1.0,7,8,30,1.0,0.044853460203739814,0
8,8,250,7,0.1094,27,1.0,7,8,29,1.0,0.04608836003171746,0
8,8,250,7,0.1094,28,1.0,7,11,38,1.0,0.047535439662169665,0
8,8,250,7,0.1094,29,0.7142857142857143,5,11,39,1.1142857142857143,0.051921490594395436,2
8,8,250,8,0.125,0,1.0,8,9,41,1.2023809523809523,0.05856934003531933,0
8,8,250,8,0.125,1,1.0,8,11,46,1.0,0.05236743942077737,0
8,8,250,8,0.125,2,1.0,8,7,23,1.0,0.051885299471905455,0
8,8,250,8,0.125,3,1.0,8,10,56,1.28125,0.05338519986253232,0
8,8,250,8,0.125,4,1.0,8,11,67,1.2375,0.05329689010977745,0
8,8,250,8,0.125,5,1.0,8,7,31,1.0,0.05287036961817648,0
8,8,250,8,0.125,6,1.0,8,10,51,1.05,0.05518043981282972,0
8,8,250,8,0.125,7,1.0,8,8,49,1.0,0.05486226007633377,0
8,8,250,8,0.125,8,1.0,8,8,45,1.0416666666666667,0.05261504964437336,0
8,8,250,8,0.125,9,1.0,8,10,62,1.2375,0.054111120334709994,0
8,8,250,8,0.125,10,1.0,8,12,56,1.3125,0.0566682597855106,0
8,8,250,8,0.125,11,0.875,7,9,33,1.0,0.060159080239827745,1
8,8,250,8,0.125,12,1.0,8,10,53,1.1666666666666667,0.058543270570226014,0
8,8,250,8,0.125,13,0.875,7,10,37,1.0,0.059409689711173996,1
8,8,250,8,0.125,14,0.875,7,10,35,1.0,0.06123679988377262,1
8,8,250,8,0.125,15,1.0,8,10,51,1.03125,0.05358400972909294,0
8,8,250,8,0.125,16,1.0,8,7,35,1.0,0.053314110191422515,0
8,8,250,8,0.125,17,1.0,8,10,44,1.0,0.04868389056355227,0
8,8,250,8,0.125,18,1.0,8,13,43,1.0,0.05174700025236234,0
8,8,250,8,0.125,19,0.875,7,8,39,1.0,0.05819105062982999,1
8,8,250,8,0.125,20,1.0,8,11,65,1.2083333333333333,0.052454830074566416,0
8,8,250,8,0.125,21,1.0,8,7,34,1.1666666666666667,0.054178280479391105,0
8,8,250,8,0.125,22,1.0,8,10,48,1.0,0.05272669994155876,0
8,8,250,8,0.125,23,1.0,8,10,43,1.0,0.053559459702228196,0
8,8,250,8,0.125,24,1.0,8,10,45,1.0357142857142858,0.054364239404094405,0
8,8,250,8,0.125,25,1.0,8,9,46,1.0,0.05180152031243779,0
8,8,250,8,0.125,26,1.0,8,8,29,1.0,0.052150539922877215,0
8,8,250,8,0.125,27,0.875,7,7,43,1.0,0.05857378993823659,1
8,8,250,8,0.125,28,1.0,8,12,59,1.1214285714285714,0.05210417999478523,0
8,8,250,8,0.125,29,0.75,6,12,46,1.0333333333333334,0.059802050309372135,2
8,8,250,9,0.1406,0,1.0,9,10,62,1.0317460317460319,0.060169540156493895,0
8,8,250,9,0.1406,1,1.0,9,9,44,1.0,0.05862295009137597,0
8,8,250,9,0.1406,2,1.0,9,9,29,1.0317460317460319,0.06128373999672476,0
8,8,250,9,0.1406,3,1.0,9,10,70,1.3148148148148149,0.0603994003176922,0
8,8,250,9,0.1406,4,1.0,9,7,47,1.2962962962962963,0.05851935988175683,0
8,8,250,9,0.1406,5,1.0,9,10,41,1.0,0.05849744011356961,0
8,8,250,9,0.1406,6,1.0,9,10,59,1.088888888888889,0.0588757598598022,0
8,8,250,9,0.1406,7,1.0,9,9,60,1.0634920634920635,0.05904065023059957,0
8,8,250,9,0.1406,8,1.0,9,9,34,1.1333333333333333,0.058476919803069904,0
8,8,250,9,0.1406,9,0.8888888888888888,8,11,40,1.0,0.0657221804431174,1
8,8,250,9,0.1406,10,1.0,9,7,45,1.1555555555555557,0.060350820058374666,0
8,8,250,9,0.1406,11,0.8888888888888888,8,9,44,1.0357142857142858,0.06322749948594719,1
8,8,250,9,0.1406,12,1.0,9,10,48,1.0,0.061833820363972336,0
8,8,250,9,0.1406,13,1.0,9,9,43,1.0,0.05970168007479515,0
8,8,250,9,0.1406,14,0.6666666666666666,6,10,33,1.0,0.06804062031733338,3
8,8,250,9,0.1406,15,1.0,9,12,51,1.0370370370370372,0.06133066977781709,0
8,8,250,9,0.1406,16,1.0,9,10,51,1.0,0.057508760219207034,0
8,8,250,9,0.1406,17,1.0,9,10,52,1.0370370370370372,0.05924348035478033,0
8,8,250,9,0.1406,18,1.0,9,13,46,1.0,0.059674550211639144,0
8,8,250,9,0.1406,19,1.0,9,10,52,1.0555555555555556,0.058395499872858636,0
8,8,250,9,0.1406,20,1.0,9,12,52,1.0,0.05991281970636919,0
8,8,250,9,0.1406,21,1.0,9,10,64,1.0925925925925926,0.058920059382217005,0
8,8,250,9,0.1406,22,1.0,9,10,50,1.0,0.058893240202451125,0
8,8,250,9,0.1406,23,1.0,9,8,41,1.1111111111111112,0.05993465019855648,0
8,8,250,9,0.1406,24,1.0,9,10,47,1.0317460317460319,0.060381299699656665,0
8,8,250,9,0.1406,25,1.0,9,9,48,1.0873015873015874,0.057903089400497265,0
8,8,250,9,0.1406,26,1.0,9,8,34,1.0,0.06427758024074137,0
8,8,250,9,0.1406,27,0.8888888888888888,8,7,48,1.0,0.061100419916328974,1
8,8,250,9,0.1406,28,0.8888888888888888,8,11,48,1.0,0.0700320702890167,1
8,8,250,9,0.1406,29,1.0,9,10,66,1.1296296296296295,0.062466990275424905,0
8,8,250,10,0.1562,0,1.0,10,12,70,1.1,0.068188110308256,0
8,8,250,10,0.1562,1,1.0,10,9,47,1.0,0.07211411029857118,0
8,8,250,10,0.1562,2,1.0,10,9,35,1.0285714285714287,0.06741018980392255,0
8,8,250,10,0.1562,3,0.9,9,10,68,1.3148148148148149,0.07307871004741173,1
8,8,250,10,0.1562,4,1.0,10,11,65,1.0571428571428572,0.06691167000099085,0
8,8,250,10,0.1562,5,1.0,10,14,77,1.0971428571428572,0.0703244700707728,0
8,8,250,10,0.1562,6,1.0,10,10,53,1.1333333333333333,0.0714262000110466,0
8,8,250,10,0.1562,7,1.0,10,10,52,1.1066666666666667,0.07090245992003474,0
8,8,250,10,0.1562,8,0.9,9,11,60,1.088183421516755,0.07126263022655621,1
8,8,250,10,0.1562,9,1.0,10,9,41,1.1,0.06840485031716526,0
8,8,250,10,0.1562,10,1.0,10,13,58,1.1400000000000001,0.06775692003429867,0
8,8,250,10,0.1562,11,0.9,9,9,53,1.0317460317460319,0.0702852299582446,1
8,8,250,10,0.1562,12,1.0,10,11,47,1.0,0.06735464026860427,0
8,8,250,10,0.1562,13,1.0,10,9,53,1.0666666666666667,0.06842989023425616,0
8,8,250,10,0.1562,14,1.0,10,6,36,1.05,0.06949944989173673,0
8,8,250,10,0.1562,15,1.0,10,12,58,1.0333333333333334,0.07317568968574051,0
8,8,250,10,0.1562,16,1.0,10,10,56,1.0,0.07065231962769758,0
8,8,250,10,0.1562,17,1.0,10,10,58,1.0733333333333333,0.07055016976664774,0
8,8,250,10,0.1562,18,0.9,9,14,49,1.074074074074074,0.07350311017944477,1
8,8,250,10,0.1562,19,1.0,10,10,60,1.05,0.07085727964295074,0
8,8,250,10,0.1562,20,1.0,10,12,53,1.0,0.07355378998909146,0
8,8,250,10,0.1562,21,1.0,10,10,72,1.0833333333333335,0.0682958695688285,0
8,8,250,10,0.1562,22,1.0,10,10,56,1.0,0.07180930013419129,0
8,8,250,10,0.1562,23,1.0,10,8,46,1.1,0.08193602960091084,0
8,8,250,10,0.1562,24,1.0,10,10,55,1.0285714285714287,0.07078234011714812,0
8,8,250,10,0.1562,25,1.0,10,9,57,1.1471428571428572,0.06967784953303635,0
8,8,250,10,0.1562,26,1.0,10,12,46,1.0,0.07018512005743105,0
8,8,250,10,0.1562,27,0.9,9,7,54,1.0,0.07403743045870215,1
8,8,250,10,0.1562,28,0.9,9,11,52,1.0,0.07667295991268475,1
8,8,250,10,0.1562,29,0.9,9,11,59,1.0987654320987654,0.07517494974308647,1
8,8,250,11,0.1719,0,1.0,11,12,72,1.0909090909090908,0.07819923943316098,0
8,8,250,11,0.1719,1,0.8181818181818182,9,10,48,1.0,0.08203067023714539,2
8,8,250,11,0.1719,2,0.9090909090909091,10,9,58,1.0285714285714287,0.08524159035005141,1
8,8,250,11,0.1719,3,1.0,11,9,67,1.0714285714285714,0.07766812981572002,0
8,8,250,11,0.1719,4,1.0,11,12,71,1.0681818181818181,0.07934275039588101,0
8,8,250,11,0.1719,5,0.9090909090909091,10,11,78,1.082142857142857,0.08318642008816823,1
8,8,250,11,0.1719,6,1.0,11,10,59,1.1212121212121213,0.07844027975806966,0
8,8,250,11,0.1719,7,1.0,11,12,64,1.1212121212121213,0.0764372795674717,0
8,8,250,11,0.1719,8,0.9090909090909091,10,10,53,1.0333333333333334,0.08088214963208884,1
8,8,250,11,0.1719,9,1.0,11,9,42,1.0909090909090908,0.07647414000530262,0
8,8,250,11,0.1719,10,1.0,11,14,53,1.1363636363636365,0.07531138020567596,0
8,8,250,11,0.1719,11,0.9090909090909091,10,9,55,1.0285714285714287,0.08054081954469439,1
8,8,250,11,0.1719,12,1.0,11,14,71,1.1515151515151514,0.07753028978186194,0
8,8,250,11,0.1719,13,1.0,11,11,69,1.1818181818181819,0.079266680040746,0
8,8,250,11,0.1719,14,0.9090909090909091,10,9,53,1.061904761904762,0.08164912040228955,1
8,8,250,11,0.1719,15,1.0,11,12,63,1.0303030303030303,0.08138110053550918,0
8,8,250,11,0.1719,16,1.0,11,10,61,1.0,0.10702108003897592,0
8,8,250,11,0.1719,17,1.0,11,10,61,1.0666666666666667,0.0767506400734419,0
8,8,250,11,0.1719,18,1.0,11,12,77,1.0623376623376624,0.07526394969318062,0
8,8,250,11,0.1719,19,1.0,11,9,53,1.1818181818181819,0.0798278900765581,0
8,8,250,11,0.1719,20,1.0,11,9,55,1.0909090909090908,0.10647255046933424,0
8,8,250,11,0.1719,21,1.0,11,10,53,1.025974025974026,0.07781669955875259,0
8,8,250,11,0.1719,22,1.0,11,12,60,1.2348484848484849,0.07784360976074822,0
8,8,250,11,0.1719,23,1.0,11,14,72,1.096969696969697,0.07121810012904461,0
8,8,250,11,0.1719,24,1.0,11,10,52,1.0363636363636364,0.07335567010159139,0
8,8,250,11,0.1719,25,1.0,11,17,79,1.5818181818181818,0.07188491974375211,0
8,8,250,11,0.1719,26,1.0,11,12,73,1.0909090909090908,0.0727056797768455,0
8,8,250,11,0.1719,27,1.0,11,11,66,1.0,0.09360121992358472,0
8,8,250,11,0.1719,28,0.9090909090909091,10,14,75,1.1333333333333333,0.07995553030923475,1
8,8,250,11,0.1719,29,1.0,11,12,66,1.1878787878787878,0.07554690011602361,0
8,8,250,12,0.1875,0,1.0,12,11,72,1.0809523809523809,0.07882964971940964,0
8,8,250,12,0.1875,1,1.0,12,10,74,1.0446428571428572,0.07703055947786197,0
8,8,250,12,0.1875,2,1.0,12,11,57,1.0809523809523809,0.0788742903387174,0
8,8,250,12,0.1875,3,0.9166666666666666,11,9,67,1.0623376623376624,0.08409599009610247,1
8,8,250,12,0.1875,4,1.0,12,12,74,1.125,0.08116160010104068,0
8,8,250,12,0.1875,5,0.9166666666666666,11,8,67,1.0303030303030303,0.08216775990149472,1
8,8,250,12,0.1875,6,1.0,12,10,62,1.1111111111111112,0.0917772005777806,0
8,8,250,12,0.1875,7,1.0,12,12,66,1.1111111111111112,0.08554782019928098,0
8,8,250,12,0.1875,8,0.9166666666666666,11,10,59,1.0909090909090908,0.08992930961539969,1
8,8,250,12,0.1875,9,1.0,12,13,82,1.1742063492063493,0.08645517948025372,0
8,8,250,12,0.1875,10,1.0,12,14,58,1.125,0.08223966971854679,0
8,8,250,12,0.1875,11,1.0,12,11,72,1.1805555555555556,0.08540875009202864,0
8,8,250,12,0.1875,12,1.0,12,11,63,1.0,0.08252386032836512,0
8,8,250,12,0.1875,13,1.0,12,11,80,1.3111111111111111,0.08383481035707518,0
8,8,250,12,0.1875,14,1.0,12,11,72,1.1587301587301588,0.07938183000078425,0
8,8,250,12,0.1875,15,0.8333333333333334,10,10,56,1.1066666666666667,0.09398543981660623,2
8,8,250,12,0.1875,16,1.0,12,10,63,1.0,0.08009750992641784,0
8,8,250,12,0.1875,17,1.0,12,9,48,1.023809523809524,0.07988004996150266,0
8,8,250,12,0.1875,18,1.0,12,12,76,1.0185185185185184,0.07978623994858935,0
8,8,250,12,0.1875,19,1.0,12,11,62,1.1851851851851851,0.08478034025756642,0
8,8,250,12,0.1875,20,1.0,12,11,70,1.1222222222222222,0.08394432028580923,0
8,8,250,12,0.1875,21,1.0,12,10,62,1.0476190476190477,0.07921799005998764,0
8,8,250,12,0.1875,22,0.8333333333333334,10,12,47,1.075,0.09526337016723119,2
8,8,250,12,0.1875,23,0.9166666666666666,11,12,74,1.1893939393939394,0.08459077987936325,1
8,8,250,12,0.1875,24,1.0,12,10,59,1.0333333333333334,0.0813468499109149,0
8,8,250,12,0.1875,25,1.0,12,9,66,1.1238095238095238,0.08003056027519051,0
8,8,250,12,0.1875,26,1.0,12,11,57,1.0541666666666667,0.08806356963759754,0
8,8,250,12,0.1875,27,1.0,12,9,45,1.023809523809524,0.07906723003543448,0
8,8,250,12,0.1875,28,0.9166666666666666,11,14,82,1.1212121212121213,0.09881663965643384,1
8,8,250,12,0.1875,29,1.0,12,10,71,1.0416666666666667,0.08771392036578618,0
8,8,250,13,0.2031,0,1.0,13,10,67,1.1346153846153846,0.0875729598919861,0
8,8,250,13,0.2031,1,1.0,13,10,77,1.0796703296703298,0.08628317023976706,0
8,8,250,13,0.2031,2,1.0,13,11,56,1.0307692307692309,0.0916312204208225,0
8,8,250,13,0.2031,3,1.0,13,10,72,1.1205128205128205,0.08813892040052451,0
8,8,250,13,0.2031,4,1.0,13,13,79,1.0447552447552448,0.09083870972972363,0
8,8,250,13,0.2031,5,0.9230769230769231,12,11,78,1.027777777777778,0.0902801502525108,1
8,8,250,13,0.2031,6,1.0,13,9,73,1.0256410256410258,0.09253620009985752,0
8,8,250,13,0.2031,7,0.8461538461538461,11,10,56,1.0606060606060606,0.1011184896924533,2
8,8,250,13,0.2031,8,0.9230769230769231,12,10,70,1.1071428571428572,0.09434956955374219,1
8,8,250,13,0.2031,9,1.0,13,11,89,1.1388278388278388,0.09244168002624065,0
8,8,250,13,0.2031,10,1.0,13,14,63,1.1153846153846154,0.08949757044319995,0
8,8,250,13,0.2031,11,0.9230769230769231,12,12,69,1.277777777777778,0.09724108946102206,1
8,8,250,13,0.2031,12,1.0,13,11,70,1.0384615384615385,0.08366391026356723,0
8,8,250,13,0.2031,13,0.9230769230769231,12,11,72,1.148809523809524,0.09398313995916396,1
8,8,250,13,0.2031,14,0.9230769230769231,12,11,66,1.277777777777778,0.09239322011126205,1
8,8,250,13,0.2031,15,0.7692307692307693,10,10,58,1.0571428571428572,0.09431989004951902,3
8,8,250,13,0.2031,16,1.0,13,10,64,1.0512820512820513,0.08753383044677321,0
8,8,250,13,0.2031,17,1.0,13,13,85,1.22008547008547,0.0891441197018139,0
8,8,250,13,0.2031,18,1.0,13,14,97,1.330769230769231,0.08963725973444525,0
8,8,250,13,0.2031,19,1.0,13,12,80,1.0602564102564103,0.0869850999879418,0
8,8,250,13,0.2031,20,1.0,13,9,79,1.1205128205128205,0.08843648989568464,0
8,8,250,13,0.2031,21,1.0,13,11,76,1.1620879120879122,0.08896602936147247,0
8,8,250,13,0.2031,22,0.6923076923076923,9,10,59,1.1317460317460317,0.10396284975286108,4
8,8,250,13,0.2031,23,0.9230769230769231,12,12,80,1.1736111111111112,0.09078357994440012,1
8,8,250,13,0.2031,24,1.0,13,14,76,1.241025641025641,0.08871290912793484,0
8,8,250,13,0.2031,25,1.0,13,11,81,1.2014652014652014,0.08933784018154256,0
8,8,250,13,0.2031,26,1.0,13,11,61,1.05,0.08787484992353711,0
8,8,250,13,0.2031,27,1.0,13,11,62,1.043956043956044,0.0850779602478724,0
8,8,250,13,0.2031,28,0.9230769230769231,12,9,66,1.023809523809524,0.10054661041067448,1
8,8,250,13,0.2031,29,1.0,13,11,77,1.2285714285714286,0.09723765018861741,0
8,8,250,14,0.2188,0,0.9285714285714286,13,12,70,1.2,0.10270594990288373,1
8,8,250,14,0.2188,1,1.0,14,10,71,1.1607142857142858,0.09959249015082605,0
8,8,250,14,0.2188,2,0.9285714285714286,13,12,69,1.1923076923076923,0.10761407029349357,1
8,8,250,14,0.2188,3,0.6428571428571429,9,10,42,1.0277777777777777,0.11827774978883099,5
8,8,250,14,0.2188,4,1.0,14,13,81,1.0415584415584416,0.1074939598038327,0
8,8,250,14,0.2188,5,1.0,14,13,86,1.0772727272727274,0.09438354958547279,0
8,8,250,14,0.2188,6,1.0,14,12,91,1.0505668934240364,0.0968172398279421,0
8,8,250,14,0.2188,7,0.9285714285714286,13,11,82,1.123931623931624,0.10693433010601439,1
8,8,250,14,0.2188,8,0.9285714285714286,13,15,115,1.2155677655677655,0.09745258052134886,1
8,8,250,14,0.2188,9,1.0,14,10,82,1.1892857142857143,0.09482262968958821,0
8,8,250,14,0.2188,10,0.8571428571428571,12,8,56,1.361111111111111,0.10108838927408215,2
8,8,250,14,0.2188,11,0.9285714285714286,13,12,70,1.2564102564102564,0.10300611036655027,1
8,8,250,14,0.2188,12,0.9285714285714286,13,10,69,1.1846153846153846,0.1275153597816825,1
8,8,250,14,0.2188,13,1.0,14,11,81,1.1564625850340136,0.09713581996038556,0
8,8,250,14,0.2188,14,0.9285714285714286,13,11,71,1.2564102564102564,0.10085208035889082,1
8,8,250,14,0.2188,15,0.8571428571428571,12,9,57,1.0515873015873016,0.11187361997144762,2
8,8,250,14,0.2188,16,1.0,14,9,64,1.0,0.09778519037354272,0
8,8,250,14,0.2188,17,1.0,14,8,66,1.0809523809523809,0.09610437009541783,0
8,8,250,14,0.2188,18,1.0,14,8,60,1.0357142857142858,0.09859880003205035,0
8,8,250,14,0.2188,19,1.0,14,12,81,1.055952380952381,0.09564383028191514,0
8,8,250,14,0.2188,20,0.8571428571428571,12,9,67,1.1126984126984127,0.10899898021307308,2
8,8,250,14,0.2188,21,1.0,14,10,74,1.0642857142857143,0.09659170027589425,0
8,8,250,14,0.2188,22,1.0,14,11,74,1.4063492063492065,0.10436792028485797,0
8,8,250,14,0.2188,23,0.9285714285714286,13,15,110,1.2866966366966368,0.09917327035509516,1
8,8,250,14,0.2188,24,1.0,14,9,68,1.1,0.09207786977640353,0
8,8,250,14,0.2188,25,1.0,14,14,102,1.1741496598639454,0.09718536020955071,0
8,8,250,14,0.2188,26,1.0,14,13,76,1.1487012987012988,0.09602202029782347,0
8,8,250,14,0.2188,27,1.0,14,13,106,1.18140589569161,0.09379005969094578,0
8,8,250,14,0.2188,28,0.8571428571428571,12,12,73,1.0888888888888888,0.10165405983570963,2
8,8,250,14,0.2188,29,1.0,14,10,73,1.0680272108843538,0.09591559959517326,0
8,8,250,15,0.2344,0,0.9333333333333333,14,12,77,1.1857142857142857,0.10538373011513613,1
8,8,250,15,0.2344,1,1.0,15,13,87,1.0778354978354978,0.10308452037861571,0
8,8,250,15,0.2344,2,0.9333333333333333,14,14,77,1.2142857142857142,0.11146404991450254,1
8,8,250,15,0.2344,3,0.9333333333333333,14,16,78,1.119047619047619,0.11590950991376303,1
8,8,250,15,0.2344,4,1.0,15,13,83,1.246031746031746,0.11372333960025571,0
8,8,250,15,0.2344,5,1.0,15,13,94,1.072121212121212,0.105737669946393,0
8,8,250,15,0.2344,6,1.0,15,13,101,1.0958730158730157,0.1097877103893552,0
8,8,250,15,0.2344,7,0.9333333333333333,14,13,102,1.3045351473922902,0.1129956800286891,1
8,8,250,15,0.2344,8,0.9333333333333333,14,10,73,1.119047619047619,0.10713894967921078,1
8,8,250,15,0.2344,9,0.8666666666666667,13,13,83,1.2957264957264958,0.10992833973432425,2
8,8,250,15,0.2344,10,1.0,15,12,96,1.0877777777777777,0.09985590004362166,0
8,8,250,15,0.2344,11,1.0,15,11,98,1.188095238095238,0.10098994978761766,0
8,8,250,15,0.2344,12,0.9333333333333333,14,10,74,1.1714285714285713,0.11250111958361231,1
8,8,250,15,0.2344,13,1.0,15,11,86,1.146031746031746,0.10002289061958436,0
8,8,250,15,0.2344,14,1.0,15,13,94,1.446031746031746,0.10181031000684015,0
8,8,250,15,0.2344,15,1.0,15,11,81,1.0222222222222224,0.10990755014063325,0
8,8,250,15,0.2344,16,0.9333333333333333,14,11,70,1.0753968253968254,0.1067868598329369,1
8,8,250,15,0.2344,17,0.8666666666666667,13,11,75,1.1452991452991452,0.11260784973273985,2
8,8,250,15,0.2344,18,1.0,15,9,74,1.0333333333333334,0.10420805025205482,0
8,8,250,15,0.2344,19,0.9333333333333333,14,9,82,1.239455782312925,0.11271796021901537,1
8,8,250,15,0.2344,20,1.0,15,8,63,1.0444444444444445,0.10922807989118155,0
8,8,250,15,0.2344,21,0.9333333333333333,14,11,85,1.176530612244898,0.10425244021462277,1
8,8,250,15,0.2344,22,0.9333333333333333,14,12,81,1.0642857142857143,0.11500240034365561,1
8,8,250,15,0.2344,23,0.8666666666666667,13,10,78,1.0796703296703298,0.10681038984330371,2
8,8,250,15,0.2344,24,1.0,15,9,74,1.0933333333333333,0.10091920004924759,0
8,8,250,15,0.2344,25,0.9333333333333333,14,14,84,1.1238095238095238,0.10583992974716239,1
8,8,250,15,0.2344,26,1.0,15,13,79,1.0554545454545454,0.10695766046410426,0
8,8,250,15,0.2344,27,1.0,15,12,75,1.102222222222222,0.1023236900800839,0
8,8,250,15,0.2344,28,0.9333333333333333,14,11,80,1.0285714285714287,0.10559573987848125,1
8,8,250,15,0.2344,29,1.0,15,14,95,1.1393650793650794,0.10397896956419572,0
8,8,250,16,0.25,0,0.9375,15,11,89,1.1955555555555555,0.121855589968618,1
8,8,250,16,0.25,1,0.9375,15,13,89,1.0266666666666666,0.123061310077901,1
8,8,250,16,0.25,2,0.875,14,10,78,1.0464285714285715,0.12153994983236771,2
8,8,250,16,0.25,3,0.9375,15,16,82,1.1111111111111112,0.12015833992336411,1
8,8,250,16,0.25,4,1.0,16,11,87,1.3020833333333333,0.1151181299064774,0
8,8,250,16,0.25,5,1.0,16,10,85,1.0,0.10742907950771041,0
8,8,250,16,0.25,6,1.0,16,13,99,1.1001488095238094,0.11438059977081139,0
8,8,250,16,0.25,7,1.0,16,12,100,1.1958333333333333,0.11398146001738496,0
8,8,250,16,0.25,8,1.0,16,10,88,1.125,0.10880772999371402,0
8,8,250,16,0.25,9,0.875,14,15,89,1.3047619047619048,0.11741502923541702,2
8,8,250,16,0.25,10,1.0,16,12,101,1.0984126984126985,0.10692650008422788,0
8,8,250,16,0.25,11,1.0,16,13,115,1.264935064935065,0.10954411030979827,0
8,8,250,16,0.25,12,0.9375,15,10,80,1.16,0.1202991899481276,1
8,8,250,16,0.25,13,1.0,16,11,97,1.1785714285714286,0.11152371997013688,0
8,8,250,16,0.25,14,1.0,16,14,98,1.2489583333333334,0.10881213995162398,0
8,8,250,16,0.25,15,0.8125,13,10,64,1.0512820512820513,0.1215471004252322,3
8,8,250,16,0.25,16,1.0,16,12,102,1.109375,0.11746360985853244,0
8,8,250,16,0.25,17,1.0,16,10,81,1.05625,0.1185574998089578,0
8,8,250,16,0.25,18,1.0,16,13,105,1.4166666666666667,0.11742578040866647,0
8,8,250,16,0.25,19,1.0,16,12,115,1.41875,0.11220188956940547,0
8,8,250,16,0.25,20,0.75,12,10,63,1.0515873015873016,0.12114798977563623,4
8,8,250,16,0.25,21,0.9375,15,11,88,1.1647619047619047,0.10979090024193283,1
8,8,250,16,0.25,22,0.9375,15,12,81,1.0333333333333334,0.1187578101962572,1
8,8,250,16,0.25,23,0.9375,15,13,106,1.1962481962481961,0.11815366960945539,1
8,8,250,16,0.25,24,1.0,16,9,85,1.1145833333333333,0.11504632006108295,0
8,8,250,16,0.25,25,1.0,16,12,115,1.1895833333333332,0.11784779977460857,0
8,8,250,16,0.25,26,1.0,16,13,82,1.0519886363636364,0.11383306991774589,0
8,8,250,16,0.25,27,0.9375,15,10,91,1.0457142857142856,0.12195605006127153,1
8,8,250,16,0.25,28,1.0,16,13,137,1.2097763347763348,0.11404760043660644,0
8,8,250,16,0.25,29,0.9375,15,14,94,1.1393650793650794,0.11989874983555637,1
8,8,250,17,0.2656,0,0.9411764705882353,16,11,99,1.1833333333333333,0.13267306007037405,1
8,8,250,17,0.2656,1,1.0,17,12,100,1.1411764705882352,0.12088798030163161,0
8,8,250,17,0.2656,2,0.8823529411764706,15,10,81,1.07,0.13065905986877624,2
8,8,250,17,0.2656,3,1.0,17,12,107,1.0313725490196077,0.12199950069771148,0
8,8,250,17,0.2656,4,1.0,17,11,93,1.3011204481792717,0.1276971900369972,0
8,8,250,17,0.2656,5,1.0,17,13,113,1.1723622782446312,0.12223738936882,0
8,8,250,17,0.2656,6,0.8823529411764706,15,11,73,1.0444444444444445,0.1368477501819143,2
8,8,250,17,0.2656,7,0.9411764705882353,16,11,94,1.0838293650793651,0.1262536196009023,1
8,8,250,17,0.2656,8,1.0,17,13,107,1.1359477124183006,0.12768374959705397,0
8,8,250,17,0.2656,9,0.8235294117647058,14,13,89,1.3507936507936509,0.12837125002988614,3
8,8,250,17,0.2656,10,1.0,17,12,110,1.1491596638655461,0.11439082998549566,0
8,8,250,17,0.2656,11,1.0,17,13,116,1.2493506493506494,0.11682364005537238,0
8,8,250,17,0.2656,12,0.9411764705882353,16,12,92,1.30625,0.1234131699311547,1
8,8,250,17,0.2656,13,0.8823529411764706,15,13,91,1.08989898989899,0.13908612978411838,2
8,8,250,17,0.2656,14,0.9411764705882353,16,16,98,1.0946969696969697,0.12002015027974267,1
8,8,250,17,0.2656,15,1.0,17,12,136,1.2169000933706815,0.12082699002348818,0
8,8,250,17,0.2656,16,0.9411764705882353,16,11,77,1.0625,0.1234105603361968,1
8,8,250,17,0.2656,17,1.0,17,10,92,1.052941176470588,0.12116776997572742,0
8,8,250,17,0.2656,18,1.0,17,10,74,1.0392156862745099,0.11850910013890825,0
8,8,250,17,0.2656,19,0.9411764705882353,16,12,112,1.3473214285714286,0.12384372988890391,1
8,8,250,17,0.2656,20,1.0,17,12,90,1.1411764705882352,0.12009600977762602,0
8,8,250,17,0.2656,21,1.0,17,11,100,1.0915032679738563,0.11363102988980245,0
8,8,250,17,0.2656,22,1.0,17,18,122,1.3257703081232493,0.12348116957582533,0
8,8,250,17,0.2656,23,0.9411764705882353,16,12,93,1.1532738095238095,0.12003559997538105,1
8,8,250,17,0.2656,24,1.0,17,10,95,1.173669467787115,0.11537100974237546,0
8,8,250,17,0.2656,25,1.0,17,12,119,1.1784313725490194,0.12045952957123518,0
8,8,250,17,0.2656,26,0.9411764705882353,16,14,113,1.362405303030303,0.12301611022849102,1
8,8,250,17,0.2656,27,1.0,17,11,98,1.0702147525676937,0.12173372990218922,0
8,8,250,17,0.2656,28,1.0,17,14,120,1.0396825396825395,0.12219060001370963,0
8,8,250,17,0.2656,29,1.0,17,9,74,1.0756302521008403,0.1292073496733792,0
8,8,250,18,0.2812,0,1.0,18,14,94,1.2380952380952381,0.1339804405142786,0
8,8,250,18,0.2812,1,0.8888888888888888,16,11,89,1.2680555555555555,0.14225466933567077,2
8,8,250,18,0.2812,2,0.8888888888888888,16,10,87,1.065625,0.1421398100501392,2
8,8,250,18,0.2812,3,0.8888888888888888,16,11,101,1.2169642857142857,0.13546836009481922,2
8,8,250,18,0.2812,4,1.0,18,11,95,1.2843915343915344,0.1507017103722319,0
8,8,250,18,0.2812,5,0.9444444444444444,17,11,102,1.2169934640522877,0.12914215985802002,1
8,8,250,18,0.2812,6,0.9444444444444444,17,13,115,1.2596638655462185,0.1292882303823717,1
8,8,250,18,0.2812,7,0.7777777777777778,14,11,67,1.0918367346938775,0.13830660995154176,4
8,8,250,18,0.2812,8,0.8333333333333334,15,9,90,1.1044444444444443,0.13660697055456694,3
8,8,250,18,0.2812,9,0.8333333333333334,15,13,90,1.3274074074074074,0.1365927396545885,3
8,8,250,18,0.2812,10,1.0,18,16,118,1.1223544973544974,0.12471930036554113,0
8,8,250,18,0.2812,11,0.9444444444444444,17,10,103,1.2784313725490197,0.12658359024499077,1
8,8,250,18,0.2812,12,0.9444444444444444,17,12,97,1.307843137254902,0.1300114499463234,1
8,8,250,18,0.2812,13,0.8333333333333334,15,11,87,1.0838095238095238,0.13562897991505452,3
8,8,250,18,0.2812,14,1.0,18,11,107,1.0953703703703703,0.13362975980271585,0
8,8,250,18,0.2812,15,1.0,18,14,99,1.0796296296296297,0.1327963797666598,0
8,8,250,18,0.2812,16,1.0,18,11,111,1.4629629629629628,0.12732104092719965,0
8,8,250,18,0.2812,17,1.0,18,10,97,1.117724867724868,0.13990121944516432,0
8,8,250,18,0.2812,18,1.0,18,10,78,1.0,0.13556584955949802,0
8,8,250,18,0.2812,19,0.8888888888888888,16,9,81,1.119940476190476,0.148750430016662,2
8,8,250,18,0.2812,20,1.0,18,18,149,1.3281746031746033,0.13934464994235896,0
8,8,250,18,0.2812,21,0.9444444444444444,17,10,101,1.1677871148459382,0.13739830006670672,1
8,8,250,18,0.2812,22,1.0,18,18,137,1.4150793650793652,0.13591466005891562,0
8,8,250,18,0.2812,23,1.0,18,12,101,1.1271604938271604,0.13215004022640642,0
8,8,250,18,0.2812,24,0.9444444444444444,17,9,79,1.1274509803921569,0.137450819456717,1
8,8,250,18,0.2812,25,0.8888888888888888,16,12,106,1.1618055555555555,0.1452413397055352,2
8,8,250,18,0.2812,26,1.0,18,13,126,1.2764369889369889,0.13550940981076565,0
8,8,250,18,0.2812,27,0.9444444444444444,17,14,129,1.3843137254901963,0.1399564502935391,1
8,8,250,18,0.2812,28,0.9444444444444444,17,12,104,1.2866013071895426,0.1377968300221255,1
8,8,250,18,0.2812,29,0.8333333333333334,15,13,81,1.1121212121212123,0.1421296101034386,3
8,8,250,19,0.2969,0,1.0,19,13,112,1.1624060150375939,0.14304080010333564,0
8,8,250,19,0.2969,1,0.8421052631578947,16,10,77,1.0666666666666667,0.13947601983090863,3
8,8,250,19,0.2969,2,1.0,19,11,117,1.0609440267335004,0.13132980006048456,0
8,8,250,19,0.2969,3,1.0,19,14,117,1.1578947368421053,0.13806281058350578,0
8,8,250,19,0.2969,4,0.8421052631578947,16,14,118,1.5473214285714285,0.15431736021128017,3
8,8,250,19,0.2969,5,1.0,19,11,102,1.0530492898913952,0.12993376032682136,0
8,8,250,19,0.2969,6,0.8947368421052632,17,15,115,1.2788982259570494,0.14733654039446265,2
8,8,250,19,0.2969,7,1.0,19,13,133,1.2577276524644945,0.13580651961092371,0
8,8,250,19,0.2969,8,0.9473684210526315,18,11,78,1.0938271604938272,0.13907058011682238,1
8,8,250,19,0.2969,9,1.0,19,11,122,1.0812447786131998,0.1319332503771875,0
8,8,250,19,0.2969,10,0.7894736842105263,15,9,66,1.077777777777778,0.1482086292526219,4
8,8,250,19,0.2969,11,0.9473684210526315,18,13,122,1.7016754850088183,0.1403225102694705,1
8,8,250,19,0.2969,12,0.8947368421052632,17,14,133,1.2968720821661999,0.15460038972378243,2
8,8,250,19,0.2969,13,0.8421052631578947,16,11,84,1.0138888888888888,0.15042978004203178,3
8,8,250,19,0.2969,14,1.0,19,13,131,1.2482456140350877,0.14180377969751135,0
8,8,250,19,0.2969,15,0.9473684210526315,18,14,90,1.0407407407407407,0.15318891011702362,1
8,8,250,19,0.2969,16,1.0,19,19,109,1.2435406698564595,0.1389634500083048,0
8,8,250,19,0.2969,17,1.0,19,12,116,1.130827067669173,0.1368729606474517,0
8,8,250,19,0.2969,18,0.8947368421052632,17,10,107,1.0483193277310925,0.15048094042867888,2
8,8,250,19,0.2969,19,1.0,19,18,116,1.1130781499202551,0.14541483971697744,0
8,8,250,19,0.2969,20,1.0,19,12,124,1.105263157894737,0.13934673937910702,0
8,8,250,19,0.2969,21,0.8947368421052632,17,11,97,1.1299719887955182,0.14155292992654722,2
8,8,250,19,0.2969,22,0.8947368421052632,17,11,114,1.1609243697478993,0.14526702019793447,2
8,8,250,19,0.2969,23,1.0,19,12,103,1.12046783625731,0.1405042198166484,0
8,8,250,19,0.2969,24,0.9473684210526315,18,13,117,1.18999518999519,0.1468710700282827,1
8,8,250,19,0.2969,25,0.8947368421052632,17,12,103,1.1294117647058823,0.15187521014013328,2
8,8,250,19,0.2969,26,0.8947368421052632,17,14,113,1.1878618113912232,0.14466227010416333,2
8,8,250,19,0.2969,27,0.9473684210526315,18,12,109,1.1584656084656084,0.13864341075532138,1
8,8,250,19,0.2969,28,1.0,19,10,113,1.3176691729323309,0.13356124007259496,0
8,8,250,19,0.2969,29,0.9473684210526315,18,14,103,1.1527777777777777,0.1385649698204361,1
8,8,250,20,0.3125,0,0.9,18,10,103,1.1825396825396826,0.15603506995830685,2
8,8,250,20,0.3125,1,0.9,18,12,117,1.192989417989418,0.15920754995022435,2
8,8,250,20,0.3125,2,0.9,18,12,98,1.1419753086419755,0.16244197031483054,2
8,8,250,20,0.3125,3,0.9,18,12,121,1.1879629629629629,0.1474321998830419,2
8,8,250,20,0.3125,4,0.95,19,19,132,1.2729323308270677,0.15013060052297078,1
8,8,250,20,0.3125,5,0.95,19,16,138,1.1622742754321702,0.14482468977803364,1
8,8,250,20,0.3125,6,1.0,20,11,143,1.3088492063492063,0.14306823039078154,0
8,8,250,20,0.3125,7,0.9,18,15,128,1.1973544973544974,0.151568270084681,2
8,8,250,20,0.3125,8,0.95,19,14,127,1.192090073669021,0.15091529035998974,1
8,8,250,20,0.3125,9,0.95,19,12,129,1.1632832080200501,0.15782618000230286,1
8,8,250,20,0.3125,10,1.0,20,10,122,1.1867857142857143,0.14427527981752064,0
8,8,250,20,0.3125,11,1.0,20,11,101,1.0833333333333335,0.14562430005753413,0
8,8,250,20,0.3125,12,0.85,17,14,139,1.3644724556489263,0.15593120020639617,3
8,8,250,20,0.3125,13,0.9,18,12,108,1.232716049382716,0.1527712701499695,2
8,8,250,20,0.3125,14,0.85,17,9,81,1.1187675070028011,0.15856253987294622,3
8,8,250,20,0.3125,15,0.95,19,14,118,1.1944444444444444,0.14935389990569092,1
8,8,250,20,0.3125,16,1.0,20,11,121,1.162063492063492,0.14131665047898423,0
8,8,250,20,0.3125,17,1.0,20,11,127,1.1985714285714286,0.14125008012342732,0
8,8,250,20,0.3125,18,0.95,19,11,116,1.3605263157894738,0.1458145700598834,1
8,8,250,20,0.3125,19,0.7,14,9,67,1.3499999999999999,0.16032317042117938,6
8,8,250,20,0.3125,20,1.0,20,12,133,1.1125,0.14211209978384431,0
8,8,250,20,0.3125,21,1.0,20,12,109,1.0801190476190476,0.1425374296377413,0
8,8,250,20,0.3125,22,0.95,19,15,140,1.3842105263157896,0.15080226010468323,1
8,8,250,20,0.3125,23,0.95,19,14,143,1.235672514619883,0.1536011599819176,1
8,8,250,20,0.3125,24,0.95,19,14,136,1.308187134502924,0.15570005059998948,1
8,8,250,20,0.3125,25,0.85,17,12,101,1.2,0.16518846998224035,3
8,8,250,20,0.3125,26,1.0,20,12,110,1.130952380952381,0.14917598986357916,0
8,8,250,20,0.3125,27,0.95,19,12,117,1.196908939014202,0.15514342027017847,1
8,8,250,20,0.3125,28,1.0,20,10,124,1.368452380952381,0.14862750031170435,0
8,8,250,20,0.3125,29,1.0,20,15,145,1.3092063492063493,0.15718264039605856,0
8,8,250,21,0.3281,0,0.8571428571428571,18,10,89,1.1112433862433864,0.16816161056340206,3
8,8,250,21,0.3281,1,0.9523809523809523,20,12,136,1.2427380952380953,0.16063636940089054,1
8,8,250,21,0.3281,2,1.0,21,15,137,1.199666735381021,0.15440010000020266,0
8,8,250,21,0.3281,3,1.0,21,13,152,1.1886621315192745,0.14710214993101545,0
8,8,250,21,0.3281,4,1.0,21,15,160,1.4974998546427118,0.15043974002765026,0
8,8,250,21,0.3281,5,0.9523809523809523,20,11,105,1.1592857142857143,0.15219827997498214,1
8,8,250,21,0.3281,6,1.0,21,13,157,1.340895348038205,0.15901709033641964,0
8,8,250,21,0.3281,7,1.0,21,14,146,1.3252267573696146,0.1511677999224048,0
8,8,250,21,0.3281,8,0.9523809523809523,20,11,109,1.1128571428571428,0.14849115985271055,1
8,8,250,21,0.3281,9,0.9047619047619048,19,12,100,1.3035087719298246,0.15913662980892695,2
8,8,250,21,0.3281,10,0.8571428571428571,18,13,102,1.3759259259259258,0.1648042401211569,3
8,8,250,21,0.3281,11,1.0,21,20,190,1.696461210746925,0.1524065995181445,0
8,8,250,21,0.3281,12,0.8571428571428571,18,14,141,1.3442239858906526,0.16301946001476608,3
8,8,250,21,0.3281,13,0.9523809523809523,20,10,109,1.405952380952381,0.1542055805475684,1
8,8,250,21,0.3281,14,1.0,21,17,134,1.3670445956160242,0.14760281053895596,0
8,8,250,21,0.3281,15,0.8571428571428571,18,13,101,1.1101851851851852,0.1663692399597494,3
8,8,250,21,0.3281,16,0.9047619047619048,19,10,111,1.2271929824561403,0.1623596393619664,2
8,8,250,21,0.3281,17,0.9523809523809523,20,17,132,1.245515873015873,0.15977389986801427,1
8,8,250,21,0.3281,18,0.9523809523809523,20,11,119,1.3425,0.16721887011954095,1
8,8,250,21,0.3281,19,0.8571428571428571,18,11,103,1.0380952380952382,0.1703485701000318,3
8,8,250,21,0.3281,20,1.0,21,13,138,1.1301587301587301,0.15685550024500117,0
8,8,250,21,0.3281,21,1.0,21,12,117,1.108049886621315,0.16233609996561427,0
8,8,250,21,0.3281,22,0.9047619047619048,19,10,118,1.299248120300752,0.1681303994701011,2
8,8,250,21,0.3281,23,0.9523809523809523,20,16,143,1.4293589743589743,0.16396147017076146,1
8,8,250,21,0.3281,24,0.9523809523809523,20,15,162,1.423888888888889,0.15714715991634876,1
8,8,250,21,0.3281,25,0.9523809523809523,20,15,125,1.2146825396825398,0.16406191018177196,1
8,8,250,21,0.3281,26,0.9047619047619048,19,19,118,1.4698830409356725,0.16392233010265045,2
8,8,250,21,0.3281,27,0.9523809523809523,20,12,122,1.187063492063492,0.1617631500994321,1
8,8,250,21,0.3281,28,1.0,21,15,160,1.2459252387823816,0.15643625985831022,0
8,8,250,21,0.3281,29,0.9523809523809523,20,12,112,1.1676190476190476,0.1608420097909402,1
8,8,250,22,0.3438,0,0.8181818181818182,18,10,87,1.1324074074074073,0.18317399961233605,4
8,8,250,22,0.3438,1,0.9545454545454546,21,11,126,1.0789115646258505,0.16825939004775137,1
8,8,250,22,0.3438,2,0.6818181818181818,15,11,96,1.1714285714285715,0.18288637984369416,7
8,8,250,22,0.3438,3,1.0,22,13,163,1.2187229437229439,0.15844179964915384,0
8,8,250,22,0.3438,4,1.0,22,15,147,1.250865800865801,0.16187145047297236,0
8,8,250,22,0.3438,5,1.0,22,8,115,1.1696969696969697,0.1553336504730396,0
8,8,250,22,0.3438,6,1.0,22,13,178,1.4972615768070314,0.15903256957244594,0
8,8,250,22,0.3438,7,0.8181818181818182,18,13,122,1.203615520282187,0.16897669032914564,4
8,8,250,22,0.3438,8,0.9545454545454546,21,14,131,1.185827664399093,0.1754974201321602,1
8,8,250,22,0.3438,9,0.9090909090909091,20,13,131,1.1975,0.17640673991991207,2
8,8,250,22,0.3438,10,0.8636363636363636,19,11,108,1.3897243107769424,0.1823014301044168,3
8,8,250,22,0.3438,11,0.8636363636363636,19,12,118,1.317543859649123,0.18220875012048054,3
8,8,250,22,0.3438,12,1.0,22,12,130,1.246969696969697,0.16316594977979548,0
8,8,250,22,0.3438,13,1.0,22,17,139,1.2651515151515151,0.17338702018605545,0
8,8,250,22,0.3438,14,0.9545454545454546,21,12,136,1.150793650793651,0.1738354699773481,1
8,8,250,22,0.3438,15,0.9545454545454546,21,16,156,1.461111111111111,0.16580955998506397,1
8,8,250,22,0.3438,16,0.7272727272727273,16,10,78,1.1322916666666667,0.17937418990186416,6
8,8,250,22,0.3438,17,0.9090909090909091,20,17,128,1.2121825396825396,0.17151385996839963,2
8,8,250,22,0.3438,18,0.8636363636363636,19,14,123,1.3619465329991645,0.16913720035518054,3
8,8,250,22,0.3438,19,1.0,22,12,131,1.1464646464646464,0.15703477991337422,0
8,8,250,22,0.3438,20,0.9545454545454546,21,12,123,1.2857142857142858,0.17138338065706193,1
8,8,250,22,0.3438,21,0.9090909090909091,20,12,121,1.226904761904762,0.18206549015303608,2
8,8,250,22,0.3438,22,1.0,22,17,147,1.2613636363636365,0.16586582009040285,0
8,8,250,22,0.3438,23,0.9545454545454546,21,15,140,1.5882783882783884,0.1657557496946538,1
8,8,250,22,0.3438,24,0.9090909090909091,20,11,108,1.1394444444444445,0.16626857031951658,2
8,8,250,22,0.3438,25,0.9090909090909091,20,11,115,1.1980158730158732,0.17514488026790787,2
8,8,250,22,0.3438,26,0.9090909090909091,20,10,125,1.1844047619047617,0.17090753972297534,2
8,8,250,22,0.3438,27,0.9545454545454546,21,12,123,1.1781557067271353,0.16237531999649946,1
8,8,250,22,0.3438,28,0.9545454545454546,21,13,139,1.300604686318972,0.16289370039885398,1
8,8,250,22,0.3438,29,0.9090909090909091,20,12,112,1.1676190476190476,0.17202055030793417,2
8,8,250,23,0.3594,0,0.9565217391304348,22,17,146,1.1924492174492174,0.17693692025204655,1
8,8,250,23,0.3594,1,0.8260869565217391,19,10,121,1.2403508771929825,0.2269418701325776,4
8,8,250,23,0.3594,2,0.8695652173913043,20,11,139,1.2558333333333334,0.19122023004456423,3
8,8,250,23,0.3594,3,0.9565217391304348,22,15,139,1.124819624819625,0.1889347298128996,1
8,8,250,23,0.3594,4,1.0,23,18,190,1.4126293995859214,0.17885551998915616,0
8,8,250,23,0.3594,5,1.0,23,10,120,1.1731884057971016,0.17111646055127494,0
8,8,250,23,0.3594,6,0.9565217391304348,22,13,132,1.247874852420307,0.1834102995780995,1
8,8,250,23,0.3594,7,0.8260869565217391,19,13,125,1.1744778613199667,0.19341129940585233,4
8,8,250,23,0.3594,8,1.0,23,16,160,1.3674948240165632,0.1819889796024654,0
8,8,250,23,0.3594,9,0.9565217391304348,22,13,151,1.2505772005772007,0.19161326003086288,1
8,8,250,23,0.3594,10,0.8260869565217391,19,9,93,1.2142857142857144,0.20607553982699756,4
8,8,250,23,0.3594,11,1.0,23,14,152,1.2192891649413389,0.17029436930897646,0
8,8,250,23,0.3594,12,1.0,23,9,125,1.0956521739130434,0.16403195055318065,0
8,8,250,23,0.3594,13,1.0,23,12,167,1.3491373360938579,0.16277839975373354,0
8,8,250,23,0.3594,14,0.9130434782608695,21,10,116,1.1383219954648527,0.17084348990465514,2
8,8,250,23,0.3594,15,0.8260869565217391,19,12,109,1.2412280701754386,0.1766044500254793,4
8,8,250,23,0.3594,16,0.8695652173913043,20,23,138,1.414404761904762,0.18824522972863633,3
8,8,250,23,0.3594,17,0.8695652173913043,20,12,110,1.115357142857143,0.1774101200135192,3
8,8,250,23,0.3594,18,0.9130434782608695,21,10,123,1.185827664399093,0.18213009025203064,2
8,8,250,23,0.3594,19,0.6521739130434783,15,14,75,1.0857142857142856,0.1940138798818225,8
8,8,250,23,0.3594,20,0.8695652173913043,20,13,137,1.2792857142857144,0.18064079980831593,3
8,8,250,23,0.3594,21,0.9130434782608695,21,15,155,1.5142101284958427,0.18506659020204097,2
8,8,250,23,0.3594,22,0.8695652173913043,20,13,111,1.1249242424242425,0.18893830994784366,3
8,8,250,23,0.3594,23,0.9565217391304348,22,14,142,1.3494227994227994,0.2074399198318133,1
8,8,250,23,0.3594,24,1.0,23,12,143,1.1762939958592131,0.17430569016141817,0
8,8,250,23,0.3594,25,1.0,23,16,157,1.1810935441370223,0.17781917958927806,0
8,8,250,23,0.3594,26,0.9565217391304348,22,14,121,1.1835497835497835,0.17778398985683452,1
8,8,250,23,0.3594,27,0.9565217391304348,22,11,117,1.085966810966811,0.17944270970474463,1
8,8,250,23,0.3594,28,1.0,23,12,116,1.091304347826087,0.1625875403988175,0
8,8,250,23,0.3594,29,0.8695652173913043,20,12,111,1.1576190476190475,0.1763614698575111,3
8,8,250,24,0.375,0,0.9166666666666666,22,15,148,1.2370795870795872,0.18847917031962425,2
8,8,250,24,0.375,1,0.8333333333333334,20,12,106,1.0833333333333335,0.18827408042852767,4
8,8,250,24,0.375,2,0.9166666666666666,22,16,163,1.1695264331627968,0.18290254010935314,2
8,8,250,24,0.375,3,0.9166666666666666,22,12,106,1.0935064935064935,0.1825049002218293,2
8,8,250,24,0.375,4,0.9166666666666666,22,16,153,1.825,0.19861268963722978,2
8,8,250,24,0.375,5,0.9583333333333334,23,16,182,1.327984817115252,0.18264247999468353,1
8,8,250,24,0.375,6,0.75,18,12,108,1.1504409171075838,0.2222358700237237,6
8,8,250,24,0.375,7,1.0,24,15,186,1.2779761904761904,0.18251558984047733,0
8,8,250,24,0.375,8,0.9166666666666666,22,10,121,1.131060606060606,0.19040837963984814,2
8,8,250,24,0.375,9,0.8333333333333334,20,10,106,1.2142857142857142,0.197299790015677,4
8,8,250,24,0.375,10,0.8333333333333334,20,12,121,1.2627777777777778,0.18986001952725928,4
8,8,250,24,0.375,11,1.0,24,14,156,1.2101521164021165,0.17617964978853706,0
8,8,250,24,0.375,12,0.9166666666666666,22,13,125,1.3343434343434344,0.18414216006931383,2
8,8,250,24,0.375,13,1.0,24,16,169,1.187830687830688,0.1777369895717129,0
8,8,250,24,0.375,14,0.875,21,19,155,1.5171717171717172,0.19125131031614728,3
8,8,250,24,0.375,15,0.875,21,16,140,1.208994708994709,0.20064349999302067,3
8,8,250,24,0.375,16,0.8333333333333334,20,11,117,1.4977777777777779,0.19979609984147828,4
8,8,250,24,0.375,17,1.0,24,16,165,1.3152777777777778,0.18248413020046428,0
8,8,250,24,0.375,18,0.9166666666666666,22,21,152,1.5467171717171717,0.1849884901457699,2
8,8,250,24,0.375,19,0.9166666666666666,22,19,169,1.2680440771349863,0.19146532016748097,2
8,8,250,24,0.375,20,0.75,18,12,103,1.115873015873016,0.19263394970039371,6
8,8,250,24,0.375,21,1.0,24,12,157,1.3392857142857144,0.174069000131567,0
8,8,250,24,0.375,22,0.9166666666666666,22,12,122,1.1130952380952381,0.18505248990550172,2
8,8,250,24,0.375,23,1.0,24,12,162,1.3759920634920635,0.18014637040323578,0
8,8,250,24,0.375,24,1.0,24,12,150,1.1625992063492063,0.18685439063119702,0
8,8,250,24,0.375,25,1.0,24,16,167,1.2117424242424242,0.18770406029943842,0
8,8,250,24,0.375,26,0.875,21,12,109,1.143764172335601,0.19255201012128964,3
8,8,250,24,0.375,27,0.9583333333333334,23,12,126,1.0909247757073843,0.1790495900058886,1
8,8,250,24,0.375,28,0.9583333333333334,23,17,152,1.4382081686429513,0.18026728030235972,1
8,8,250,24,0.375,29,0.7916666666666666,19,11,123,1.4109022556390978,0.2000215602311073,5
8,8,250,25,0.3906,0,0.92,23,17,154,1.2910176779741998,0.19636852994153742,2
8,8,250,25,0.3906,1,0.92,23,14,137,1.0797101449275361,0.19086048945609946,2
8,8,250,25,0.3906,2,0.92,23,16,166,1.1621557186774578,0.1919463496597018,2
8,8,250,25,0.3906,3,0.92,23,14,125,1.0710144927536231,0.19599050014221575,2
8,8,250,25,0.3906,4,1.0,25,16,213,1.4564444444444444,0.18596151036035735,0
8,8,250,25,0.3906,5,0.8,20,16,135,1.2008333333333332,0.19919694983400404,5
8,8,250,25,0.3906,6,0.76,19,12,107,1.2412280701754386,0.21168035033042543,6
8,8,250,25,0.3906,7,0.96,24,17,169,1.3648046398046398,0.19908964037313126,1
8,8,250,25,0.3906,8,1.0,25,15,161,1.3106666666666666,0.19057197030633688,0
8,8,250,25,0.3906,9,1.0,25,13,146,1.2496190476190476,0.19782844035944436,0
8,8,250,25,0.3906,10,0.92,23,15,154,1.343167701863354,0.19315661964355968,2
8,8,250,25,0.3906,11,0.92,23,14,162,1.3942907334211683,0.2003604406490922,2
8,8,250,25,0.3906,12,1.0,25,18,201,1.3786031746031744,0.19322097978147212,0
8,8,250,25,0.3906,13,0.88,22,10,136,1.166991341991342,0.20444726993446238,3
8,8,250,25,0.3906,14,0.8,20,10,95,1.0992857142857144,0.21411264962807763,5
8,8,250,25,0.3906,15,0.92,23,13,140,1.1871635610766045,0.20685675022832584,2
8,8,250,25,0.3906,16,0.8,20,19,131,1.2692673992673993,0.20850740002060775,5
8,8,250,25,0.3906,17,1.0,25,16,165,1.2826666666666668,0.18732683012785856,0
8,8,250,25,0.3906,18,1.0,25,11,146,1.3136507936507937,0.18657220010936726,0
8,8,250,25,0.3906,19,0.84,21,14,132,1.1334879406307978,0.2029681896965485,4
8,8,250,25,0.3906,20,0.92,23,17,175,1.6980676328502415,0.18744997985777445,2
8,8,250,25,0.3906,21,0.88,22,14,162,1.2372294372294372,0.19683032995089889,3
8,8,250,25,0.3906,22,1.0,25,10,159,1.412,0.18522871017921716,0
8,8,250,25,0.3906,23,1.0,25,14,183,1.3969999999999998,0.18232780981634278,0
8,8,250,25,0.3906,24,0.84,21,13,118,1.2277056277056277,0.19957089018134866,4
8,8,250,25,0.3906,25,1.0,25,15,172,1.1905454545454546,0.18914000982476864,0
8,8,250,25,0.3906,26,0.88,22,12,121,1.3387445887445888,0.19616048004536424,3
8,8,250,25,0.3906,27,0.96,24,14,137,1.233664021164021,0.19253264006692916,1
8,8,250,25,0.3906,28,0.84,21,12,119,1.1859410430839001,0.20995237959141377,4
8,8,250,25,0.3906,29,0.96,24,12,164,1.257638888888889,0.19912041010684334,1
8,8,250,26,0.4062,0,0.9230769230769231,24,18,207,1.416898148148148,0.20697691034001764,2
8,8,250,26,0.4062,1,0.9615384615384616,25,16,176,1.308095238095238,0.19972617999883369,1
8,8,250,26,0.4062,2,1.0,26,20,188,1.473815073815074,0.19611861011071596,0
8,8,250,26,0.4062,3,0.7307692307692307,19,11,92,1.2046783625730995,0.21683980041416362,7
8,8,250,26,0.4062,4,0.9615384615384616,25,15,196,1.280862914862915,0.1999371800775407,1
8,8,250,26,0.4062,5,0.8846153846153846,23,11,130,1.4042097998619738,0.22092562001489569,3
8,8,250,26,0.4062,6,0.7692307692307693,20,10,110,1.2517857142857143,0.23943272019096185,6
8,8,250,26,0.4062,7,0.8461538461538461,22,15,128,1.3043956043956044,0.2177641193702584,4
8,8,250,26,0.4062,8,0.9230769230769231,24,13,175,1.5161405723905723,0.20719208027003333,2
8,8,250,26,0.4062,9,0.9615384615384616,25,12,159,1.244888888888889,0.1987768799153855,1
8,8,250,26,0.4062,10,0.9230769230769231,24,11,167,1.2001984126984127,0.19705839054950047,2
8,8,250,26,0.4062,11,0.8846153846153846,23,12,144,1.357092665788318,0.2160943795752246,3
8,8,250,26,0.4062,12,0.8076923076923077,21,13,117,1.1666666666666667,0.22867272004077677,5
8,8,250,26,0.4062,13,0.8846153846153846,23,10,151,1.2285714285714284,0.21507792043848895,3
8,8,250,26,0.4062,14,0.9230769230769231,24,12,147,1.5430555555555554,0.20677914071711712,2
8,8,250,26,0.4062,15,1.0,26,14,168,1.2752747252747254,0.19216227003198583,0
8,8,250,26,0.4062,16,0.9615384615384616,25,12,165,1.35,0.1960258002509363,1
8,8,250,26,0.4062,17,0.8846153846153846,23,14,134,1.2340579710144928,0.2088195599935716,3
8,8,250,26,0.4062,18,0.8461538461538461,22,16,153,1.4287157287157286,0.20866592960373964,4
8,8,250,26,0.4062,19,0.8461538461538461,22,13,159,1.6402597402597403,0.21516046035685576,4
8,8,250,26,0.4062,20,0.9230769230769231,24,17,145,1.266919191919192,0.2112740807933733,2
8,8,250,26,0.4062,21,0.9615384615384616,25,13,128,1.2896507936507937,0.19585509959142655,1
8,8,250,26,0.4062,22,1.0,26,11,166,1.3747863247863248,0.19514670006174129,0
8,8,250,26,0.4062,23,0.8076923076923077,21,14,119,1.1825396825396826,0.21500524984730873,5
8,8,250,26,0.4062,24,0.9230769230769231,24,18,179,1.4058531746031748,0.20695174003776629,2
8,8,250,26,0.4062,25,0.9615384615384616,25,14,146,1.1528571428571428,0.200324480101699,1
8,8,250,26,0.4062,26,0.8461538461538461,22,18,166,1.4866161616161617,0.2145339600247098,4
8,8,250,26,0.4062,27,0.8461538461538461,22,13,138,1.3006132756132756,0.22143581001728307,4
8,8,250,26,0.4062,28,0.7307692307692307,19,9,104,1.2588972431077694,0.2193293101299787,7
8,8,250,26,0.4062,29,1.0,26,14,171,1.5592796092796095,0.20499190992268268,0
8,8,250,27,0.4219,0,0.7777777777777778,21,12,111,1.0730158730158732,0.22849818000395317,6
8,8,250,27,0.4219,1,0.8888888888888888,24,27,206,1.777314814814815,0.22863607002364006,3
8,8,250,27,0.4219,2,1.0,27,19,194,1.4853463409018965,0.21010480006225407,0
8,8,250,27,0.4219,3,0.9259259259259259,25,17,174,1.4444848484848485,0.22761249019822571,2
8,8,250,27,0.4219,4,0.7777777777777778,21,19,132,1.2858792001649144,0.23585016017023008,6
8,8,250,27,0.4219,5,0.8888888888888888,24,14,146,1.3529761904761906,0.22470929005066864,3
8,8,250,27,0.4219,6,0.9259259259259259,25,11,163,1.2826349206349206,0.2231003897759365,2
8,8,250,27,0.4219,7,0.9629629629629629,26,19,200,1.5503496503496506,0.22724870941601694,1
8,8,250,27,0.4219,8,1.0,27,15,188,1.1868686868686869,0.19589959068980534,0
8,8,250,27,0.4219,9,0.9629629629629629,26,15,161,1.1382478632478632,0.20713795005576685,1
8,8,250,27,0.4219,10,0.8148148148148148,22,15,143,1.3963203463203462,0.21827790929819457,5
8,8,250,27,0.4219,11,1.0,27,16,186,1.3196649029982364,0.19922035025956575,0
8,8,250,27,0.4219,12,0.8888888888888888,24,21,268,1.797231240981241,0.22038776041881647,3
8,8,250,27,0.4219,13,1.0,27,16,213,1.4545855379188712,0.21461962001922075,0
8,8,250,27,0.4219,14,1.0,27,13,141,1.3756613756613758,0.2130407001095591,0
8,8,250,27,0.4219,15,1.0,27,13,202,1.583098177542622,0.20801328020752408,0
8,8,250,27,0.4219,16,0.9259259259259259,25,16,174,1.2884444444444443,0.21579949017905165,2
8,8,250,27,0.4219,17,0.9259259259259259,25,17,196,1.3453073593073595,0.21152729023015127,2
8,8,250,27,0.4219,18,0.9259259259259259,25,20,180,1.5917806637806637,0.22620092029683292,2
8,8,250,27,0.4219,19,0.9629629629629629,26,12,190,1.4821428571428572,0.21961731967166997,1
8,8,250,27,0.4219,20,0.8888888888888888,24,13,158,1.2716931216931218,0.2372201406979002,3
8,8,250,27,0.4219,21,0.8518518518518519,23,15,163,1.4289227680532028,0.2228335999097908,4
8,8,250,27,0.4219,22,1.0,27,12,155,1.4164021164021163,0.20886260957922786,0
8,8,250,27,0.4219,23,0.8148148148148148,22,14,122,1.174242424242424,0.22115855994343292,5
8,8,250,27,0.4219,24,0.9259259259259259,25,15,180,1.3056459096459097,0.2223305001098197,2
8,8,250,27,0.4219,25,1.0,27,13,169,1.3056731334509113,0.20174384029814973,0
8,8,250,27,0.4219,26,0.8888888888888888,24,22,168,1.4067460317460316,0.22918288937944453,3
8,8,250,27,0.4219,27,0.7777777777777778,21,14,134,1.2215419501133786,0.2281755901640281,6
8,8,250,27,0.4219,28,0.7407407407407407,20,23,139,1.5427777777777778,0.23600781998538878,7
8,8,250,27,0.4219,29,0.9629629629629629,26,13,161,1.2445970695970696,0.21901820960920304,1
8,8,250,28,0.4375,0,1.0,28,17,214,1.370758606472892,0.207973329743254,0
8,8,250,28,0.4375,1,0.9285714285714286,26,14,152,1.4416666666666667,0.2236179699684726,2
8,8,250,28,0.4375,2,0.8571428571428571,24,12,132,1.2006944444444445,0.2272525301668793,4
8,8,250,28,0.4375,3,0.9285714285714286,26,17,176,1.4273892773892773,0.2298701095423894,2
8,8,250,28,0.4375,4,0.9642857142857143,27,17,193,1.3423414034525147,0.22377147019142285,1
8,8,250,28,0.4375,5,0.8571428571428571,24,13,171,1.335882635882636,0.24053959983575623,4
8,8,250,28,0.4375,6,0.8214285714285714,23,11,130,1.1721877156659766,0.22743274981621653,5
8,8,250,28,0.4375,7,0.7857142857142857,22,13,132,1.194952774498229,0.22348537007928826,6
8,8,250,28,0.4375,8,0.9285714285714286,26,17,196,1.1894161394161396,0.22329687970341183,2
8,8,250,28,0.4375,9,0.7857142857142857,22,17,146,1.2977633477633477,0.24151258978236,6
8,8,250,28,0.4375,10,0.7857142857142857,22,12,139,1.2645021645021646,0.22692841950629372,6
8,8,250,28,0.4375,11,0.9285714285714286,26,15,169,1.3974358974358976,0.22207302004972007,2
8,8,250,28,0.4375,12,0.75,21,14,156,1.5127396413110699,0.23600636021001264,7
8,8,250,28,0.4375,13,0.9285714285714286,26,12,151,1.4217948717948719,0.227367530533229,2
8,8,250,28,0.4375,14,0.8928571428571429,25,9,121,1.398095238095238,0.22082028932345565,3
8,8,250,28,0.4375,15,1.0,28,15,171,1.2958758503401362,0.21298961000866257,0
8,8,250,28,0.4375,16,0.9642857142857143,27,12,185,1.4452380952380952,0.22038808077923022,1
8,8,250,28,0.4375,17,0.9285714285714286,26,16,179,1.2796703296703298,0.2402465301565826,2
8,8,250,28,0.4375,18,0.9285714285714286,26,19,179,1.6218281718281717,0.22556539996003266,2
8,8,250,28,0.4375,19,0.9285714285714286,26,14,163,1.5662393162393162,0.23232836967508774,2
8,8,250,28,0.4375,20,0.8571428571428571,24,14,115,1.21875,0.22811949980678037,4
8,8,250,28,0.4375,21,0.9285714285714286,26,16,210,1.7103479853479855,0.21386739957961254,2
8,8,250,28,0.4375,22,0.8571428571428571,24,12,138,1.3251984126984127,0.24620609990961384,4
8,8,250,28,0.4375,23,1.0,28,16,211,1.3802721088435372,0.21747541992226616,0
8,8,250,28,0.4375,24,0.8928571428571429,25,20,202,1.4797777777777779,0.2488487803930184,3
8,8,250,28,0.4375,25,1.0,28,13,174,1.2947562358276645,0.22406217947718687,0
8,8,250,28,0.4375,26,0.8928571428571429,25,24,209,1.480161616161616,0.23799929025699385,3
8,8,250,28,0.4375,27,0.9642857142857143,27,14,193,1.3383303938859494,0.2354159503011033,1
8,8,250,28,0.4375,28,0.9285714285714286,26,17,219,1.472518080210388,0.24911757012887392,2
8,8,250,28,0.4375,29,0.8214285714285714,23,13,119,1.2937574502791893,0.24468743060424458,5
8,8,250,29,0.4531,0,0.896551724137931,26,13,138,1.2493589743589744,0.22001227967848536,3
8,8,250,29,0.4531,1,0.9655172413793104,28,19,175,1.1993815708101423,0.220741939774598,1
8,8,250,29,0.4531,2,0.896551724137931,26,14,166,1.3707264957264955,0.23167093997471966,3
8,8,250,29,0.4531,3,0.8275862068965517,24,14,164,1.2026289682539681,0.23372216972347815,5
8,8,250,29,0.4531,4,0.9655172413793104,28,17,163,1.286317254174397,0.23220159993798006,1
8,8,250,29,0.4531,5,1.0,29,17,204,1.4285030103995622,0.22819073979917448,0
8,8,250,29,0.4531,6,0.9310344827586207,27,20,220,1.5247554914221582,0.23126583997509442,2
8,8,250,29,0.4531,7,0.896551724137931,26,15,190,1.4249999999999998,0.24055819019849878,3
8,8,250,29,0.4531,8,1.0,29,15,243,1.3766606956262128,0.2167058198392624,0
8,8,250,29,0.4531,9,0.896551724137931,26,12,164,1.2997557997557996,0.23032133998640347,3
8,8,250,29,0.4531,10,0.7931034482758621,23,13,142,1.261352657004831,0.24543098043068312,6
8,8,250,29,0.4531,11,0.9655172413793104,28,19,236,1.6612528344671202,0.22929453960387036,1
8,8,250,29,0.4531,12,1.0,29,18,205,1.3475966562173458,0.21953968978777993,0
8,8,250,29,0.4531,13,0.7586206896551724,22,14,159,1.454906204906205,0.24375532986596227,7
8,8,250,29,0.4531,14,0.8620689655172413,25,14,176,1.3996507936507936,0.23569164994114544,4
8,8,250,29,0.4531,15,0.8620689655172413,25,31,236,1.7566666666666666,0.2333364897640422,4
8,8,250,29,0.4531,16,0.9655172413793104,28,13,197,1.3781179138321995,0.23068120011885185,1
8,8,250,29,0.4531,17,1.0,29,18,219,1.3792282430213465,0.21967013009998482,0
8,8,250,29,0.4531,18,0.896551724137931,26,26,234,1.865967365967366,0.2463886298937723,3
8,8,250,29,0.4531,19,0.7586206896551724,22,12,137,1.5305194805194804,0.2595455400296487,7
8,8,250,29,0.4531,20,0.9310344827586207,27,16,202,1.5052322163433274,0.23934311997436453,2
8,8,250,29,0.4531,21,0.896551724137931,26,16,198,1.4139194139194138,0.239253170293523,3
8,8,250,29,0.4531,22,0.9310344827586207,27,18,206,1.6014430014430014,0.2520401102810865,2
8,8,250,29,0.4531,23,0.7586206896551724,22,12,132,1.3643939393939393,0.2604374905786244,7
8,8,250,29,0.4531,24,0.8275862068965517,24,12,131,1.310515873015873,0.25429850989894476,5
8,8,250,29,0.4531,25,0.8620689655172413,25,14,140,1.3166666666666667,0.26992222054104786,4
8,8,250,29,0.4531,26,0.8275862068965517,24,15,164,1.2458333333333333,0.25479549934971146,5
8,8,250,29,0.4531,27,0.9655172413793104,28,15,189,1.678066378066378,0.235414869748638,1
8,8,250,29,0.4531,28,0.8620689655172413,25,17,175,1.3795555555555554,0.23976988995855208,4
8,8,250,29,0.4531,29,0.9310344827586207,27,18,183,1.6344556677890012,0.22915429930435494,2
8,8,250,30,0.4688,0,0.9,27,22,225,1.6511870845204177,0.23613041019416414,3
8,8,250,30,0.4688,1,0.9333333333333333,28,16,200,1.318310657596372,0.24998000008054078,2
8,8,250,30,0.4688,2,0.8666666666666667,26,36,195,1.4604700854700854,0.2538763602206018,4
8,8,250,30,0.4688,3,0.9333333333333333,28,32,258,1.497918549704264,0.24231229013821576,2
8,8,250,30,0.4688,4,0.8666666666666667,26,11,161,1.6515567765567765,0.24531453040253837,4
8,8,250,30,0.4688,5,0.9333333333333333,28,13,166,1.3827947845804989,0.24052851018495858,2
8,8,250,30,0.4688,6,0.8666666666666667,26,15,176,1.433150183150183,0.2354291099618422,4
8,8,250,30,0.4688,7,0.8,24,12,147,1.2558862433862434,0.27142218030348886,6
8,8,250,30,0.4688,8,0.9,27,16,194,1.230217519106408,0.25483464014541823,3
8,8,250,30,0.4688,9,0.9,27,12,178,1.304291593180482,0.25909713964210823,3
8,8,250,30,0.4688,10,0.9333333333333333,28,17,190,1.2461734693877553,0.2537711901823059,2
8,8,250,30,0.4688,11,0.8666666666666667,26,12,162,1.2946886446886448,0.261252439886448,4
8,8,250,30,0.4688,12,0.9666666666666667,29,26,230,1.536701995322685,0.23103807965526357,1
8,8,250,30,0.4688,13,0.8,24,12,139,1.1702380952380953,0.2580373093223898,6
8,8,250,30,0.4688,14,0.9333333333333333,28,18,241,1.7291743970315399,0.23831992970372085,2
8,8,250,30,0.4688,15,0.9,27,19,190,1.3498116081449414,0.23649199960345868,3
8,8,250,30,0.4688,16,1.0,30,15,242,1.6601587301587302,0.2258634299505502,0
8,8,250,30,0.4688,17,1.0,30,15,241,1.413015873015873,0.22287814994342625,0
8,8,250,30,0.4688,18,0.8333333333333334,25,16,172,1.4355238095238096,0.2442292893101694,5
8,8,250,30,0.4688,19,0.7666666666666667,23,24,171,1.787991718426501,0.24901555982069112,7
8,8,250,30,0.4688,20,0.9666666666666667,29,18,222,1.5090859332238644,0.2319871605868684,1
8,8,250,30,0.4688,21,0.9,27,19,224,1.5473838918283362,0.2391921704111155,3
8,8,250,30,0.4688,22,0.8333333333333334,25,15,159,1.7657142857142858,0.2726610398531193,5
8,8,250,30,0.4688,23,0.7666666666666667,23,19,174,1.3594893029675639,0.2682120401004795,7
8,8,250,30,0.4688,24,0.9333333333333333,28,18,222,1.8269300144300142,0.2726602097391151,2
8,8,250,30,0.4688,25,0.8333333333333334,25,10,133,1.2673333333333334,0.271197690453846,5
8,8,250,30,0.4688,26,0.9666666666666667,29,20,253,1.745332636711947,0.2465721701446455,1
8,8,250,30,0.4688,27,0.8666666666666667,26,12,141,1.247069597069597,0.2455417695455253,4
8,8,250,30,0.4688,28,0.9,27,13,167,1.29264202875314,0.23810303027858026,3
8,8,250,30,0.4688,29,0.9,27,13,175,1.258671369782481,0.2490327103441814,3
8,8,250,31,0.4844,0,0.8709677419354839,27,26,251,1.6801293356848912,0.2688848599791527,4
8,8,250,31,0.4844,1,0.9354838709677419,29,15,209,1.4413245758073343,0.2545704097428825,2
8,8,250,31,0.4844,2,0.9032258064516129,28,19,204,1.3542478354978356,0.27030058081436437,3
8,8,250,31,0.4844,3,0.8387096774193549,26,20,238,1.6749542124542125,0.2936169400345534,5
8,8,250,31,0.4844,4,0.8709677419354839,27,15,158,1.5145796590241034,0.2704999404522823,4
8,8,250,31,0.4844,5,0.8709677419354839,27,16,191,1.5869782480893593,0.2873199598980136,4
8,8,250,31,0.4844,6,0.8387096774193549,26,13,146,1.2551892551892552,0.29685708970646374,5
8,8,250,31,0.4844,7,0.8709677419354839,27,16,177,1.495679012345679,0.2477961101976689,4
8,8,250,31,0.4844,8,0.9354838709677419,29,20,258,1.5050405533164153,0.25050948992429767,2
8,8,250,31,0.4844,9,0.8064516129032258,25,12,143,1.1728571428571428,0.26544023006863426,6
8,8,250,31,0.4844,10,0.8387096774193549,26,11,146,1.3682539682539683,0.2541764905618038,5
8,8,250,31,0.4844,11,0.9032258064516129,28,30,234,1.5606833642547928,0.25231553918274585,3
8,8,250,31,0.4844,12,0.9032258064516129,28,16,221,1.702612863327149,0.24774300982244313,3
8,8,250,31,0.4844,13,0.8709677419354839,27,18,192,1.4142215808882475,0.30801185966993216,4
8,8,250,31,0.4844,14,0.8709677419354839,27,13,167,1.2686387686387688,0.2548195303825196,4
8,8,250,31,0.4844,15,0.9032258064516129,28,14,180,1.3386943413729127,0.246464790252503,3
8,8,250,31,0.4844,16,0.9032258064516129,28,14,164,1.2252834467120182,0.2485868299845606,3
8,8,250,31,0.4844,17,0.9032258064516129,28,20,212,1.4015589569160998,0.25652670017734636,3
8,8,250,31,0.4844,18,0.8387096774193549,26,13,173,1.6021062271062272,0.27657177990477066,5
8,8,250,31,0.4844,19,0.7419354838709677,23,15,165,1.3600759144237404,0.27622434980003163,8
8,8,250,31,0.4844,20,0.967741935483871,30,17,237,1.3765079365079367,0.2608762200543424,1
8,8,250,31,0.4844,21,0.8064516129032258,25,17,162,1.5440952380952382,0.26056186987261754,6
8,8,250,31,0.4844,22,0.8387096774193549,26,15,154,1.4395604395604396,0.26549132002401166,5
8,8,250,31,0.4844,23,0.7741935483870968,24,14,135,1.2207010582010582,0.2749801399477292,7
8,8,250,31,0.4844,24,0.9032258064516129,28,17,172,1.5205215419501135,0.2657599798840238,3
8,8,250,31,0.4844,25,0.8064516129032258,25,10,141,1.3453333333333333,0.27801290969364345,6
8,8,250,31,0.4844,26,0.9354838709677419,29,15,212,1.3689704931084241,0.2610714099864708,2
8,8,250,31,0.4844,27,0.9032258064516129,28,21,197,1.3522959183673469,0.27754466980695724,3
8,8,250,31,0.4844,28,0.967741935483871,30,16,194,1.3595238095238096,0.2477678095601732,1
8,8,250,31,0.4844,29,0.9032258064516129,28,13,177,1.2757936507936507,0.25475622962403577,3
8,8,250,32,0.5,0,0.875,28,17,226,1.5506802721088435,0.28121837000071537,4
8,8,250,32,0.5,1,0.96875,31,17,265,1.8353302611367128,0.26913991016044747,1
8,8,250,32,0.5,2,0.90625,29,22,273,1.563191023535851,0.2745942500041565,3
8,8,250,32,0.5,3,0.875,28,18,236,1.7279761904761906,0.2679692597303074,4
8,8,250,32,0.5,4,0.9375,30,15,216,1.4806926406926408,0.2679888092825422,2
8,8,250,32,0.5,5,0.84375,27,12,187,1.3469135802469137,0.28180253983009607,5
8,8,250,32,0.5,6,0.90625,29,16,196,1.3084017515051998,0.2693834101228276,3
8,8,250,32,0.5,7,0.9375,30,17,248,1.4850601250601252,0.26864619976549875,2
8,8,250,32,0.5,8,0.90625,29,18,191,1.3100985221674877,0.26883321021159645,3
8,8,250,32,0.5,9,0.90625,29,13,192,1.2248544558889385,0.2735029904579278,3
8,8,250,32,0.5,10,0.96875,31,15,221,1.3215309779825908,0.2612999802659033,1
8,8,250,32,0.5,11,0.9375,30,21,286,1.4677326377326378,0.26526193039899226,2
8,8,250,32,0.5,12,0.96875,31,18,233,1.3528254899222643,0.2635790099884616,1
8,8,250,32,0.5,13,0.71875,23,13,126,1.1445511010728402,0.2900238298025215,9
8,8,250,32,0.5,14,0.78125,25,13,168,1.3093968253968253,0.28604264960449655,7
8,8,250,32,0.5,15,0.875,28,21,237,1.7691326530612244,0.2778242503700312,4
8,8,250,32,0.5,16,0.9375,30,15,170,1.2646031746031745,0.2616829302132828,2
8,8,250,32,0.5,17,0.875,28,12,170,1.6000850340136055,0.273563300142996,4
8,8,250,32,0.5,18,0.71875,23,10,112,1.1731884057971016,0.2783551602624357,9
8,8,250,32,0.5,19,0.78125,25,18,155,1.2342857142857142,0.2737940899532987,7
8,8,250,32,0.5,20,1.0,32,17,282,1.547251533189033,0.25120268983300775,0
8,8,250,32,0.5,21,0.9375,30,17,213,1.5334391534391534,0.27010065998183563,2
8,8,250,32,0.5,22,0.8125,26,14,157,1.4143772893772895,0.2746026795648504,6
8,8,250,32,0.5,23,0.8125,26,11,137,1.3297619047619047,0.2685080291121267,6
8,8,250,32,0.5,24,1.0,32,15,224,1.7058554292929293,0.25545651020365767,0
8,8,250,32,0.5,25,0.96875,31,30,306,1.921244705115673,0.2775682200444862,1
8,8,250,32,0.5,26,0.90625,29,17,194,1.4252242010862701,0.2642093800386647,3
8,8,250,32,0.5,27,0.9375,30,26,281,1.5701078551078553,0.2586026601056801,2
8,8,250,32,0.5,28,0.9375,30,14,207,1.4375661375661375,0.2528045301733073,2
8,8,250,32,0.5,29,0.90625,29,14,199,1.5564039408866994,0.2559714099334087,3
8,8,250,33,0.5156,0,0.8484848484848485,28,23,200,1.913888888888889,0.28429687983589247,5
8,8,250,33,0.5156,1,0.9696969696969697,32,16,251,1.5185763888888888,0.2739892600220628,1
8,8,250,33,0.5156,2,0.9393939393939394,31,16,262,1.6072925282602701,0.2784951202193042,2
8,8,250,33,0.5156,3,0.9696969696969697,32,16,227,1.6336309523809525,0.2649451002071146,1
8,8,250,33,0.5156,4,0.9090909090909091,30,14,224,1.6002140452140452,0.2752810298989061,3
8,8,250,33,0.5156,5,0.7878787878787878,26,15,178,1.4366966366966367,0.283249150015763,7
8,8,250,33,0.5156,6,0.9696969696969697,32,14,214,1.5262648809523809,0.28460753012041096,1
8,8,250,33,0.5156,7,0.9393939393939394,31,21,258,1.681371316855188,0.27814291017421056,2
8,8,250,33,0.5156,8,0.9393939393939394,31,13,200,1.195442908346134,0.27559319969441276,2
8,8,250,33,0.5156,9,0.8181818181818182,27,13,186,1.8349647266313933,0.30728293990250677,6
8,8,250,33,0.5156,10,0.8484848484848485,28,16,188,1.4099210313496027,0.27929968055104837,5
8,8,250,33,0.5156,11,0.9696969696969697,32,19,277,1.6362689393939394,0.26590092966216616,1
8,8,250,33,0.5156,12,0.8787878787878788,29,26,214,1.7726600985221674,0.2795226105081383,4
8,8,250,33,0.5156,13,0.8787878787878788,29,13,189,1.4585112205801862,0.2786788295634324,4
8,8,250,33,0.5156,14,0.8181818181818182,27,18,166,1.398559670781893,0.2847264601587085,6
8,8,250,33,0.5156,15,0.8484848484848485,28,15,179,1.4857142857142858,0.30946368009608705,5
8,8,250,33,0.5156,16,0.9393939393939394,31,23,287,1.5103477167993298,0.2719239197904244,2
8,8,250,33,0.5156,17,0.9393939393939394,31,22,293,1.7362007168458782,0.28183620008348953,2
8,8,250,33,0.5156,18,0.8181818181818182,27,27,305,2.0355218855218857,0.2942082806112012,6
8,8,250,33,0.5156,19,0.8484848484848485,28,16,180,1.520725108225108,0.27680836981744505,5
8,8,250,33,0.5156,20,0.8787878787878788,29,18,264,1.9369458128078818,0.2931131699006073,4
8,8,250,33,0.5156,21,0.9393939393939394,31,19,211,1.508527673043802,0.26946914971631486,2
8,8,250,33,0.5156,22,0.8181818181818182,27,14,193,1.4500881834215167,0.29062802001135424,6
8,8,250,33,0.5156,23,0.9393939393939394,31,15,225,1.3202252944188426,0.26562544953776523,2
8,8,250,33,0.5156,24,0.8181818181818182,27,18,212,1.4819370958259848,0.27929838994168676,6
8,8,250,33,0.5156,25,0.8787878787878788,29,22,302,2.381609195402299,0.2881865897506941,4
8,8,250,33,0.5156,26,0.9696969696969697,32,15,232,1.7446676587301588,0.2627001898508752,1
8,8,250,33,0.5156,27,0.9696969696969697,32,17,217,1.4310267857142858,0.25903590038069524,1
8,8,250,33,0.5156,28,0.7878787878787878,26,9,132,1.125091575091575,0.27609129931079224,7
8,8,250,33,0.5156,29,0.8484848484848485,28,21,245,1.7562925170068027,0.28339567012153566,5
8,8,250,34,0.5312,0,0.8235294117647058,28,15,221,1.768145743145743,0.3092250797635643,6
8,8,250,34,0.5312,1,1.0,34,19,280,1.5988795518207282,0.28432978004275355,0
8,8,250,34,0.5312,2,0.7941176470588235,27,17,198,1.4686067019400353,0.30895467032678425,7
8,8,250,34,0.5312,3,0.7647058823529411,26,10,145,1.3943223443223443,0.3108637900004396,8
8,8,250,34,0.5312,4,0.9117647058823529,31,18,253,1.7075780849974398,0.30378563002159353,3
8,8,250,34,0.5312,5,0.7352941176470589,25,11,134,1.1887619047619047,0.31004895019577816,9
8,8,250,34,0.5312,6,0.9411764705882353,32,14,203,1.4686011904761904,0.28824494023865554,2
8,8,250,34,0.5312,7,1.0,34,19,265,1.480977845683728,0.2681560200289823,0
8,8,250,34,0.5312,8,0.9411764705882353,32,16,238,1.6218005952380952,0.2856250499462476,2
8,8,250,34,0.5312,9,0.8235294117647058,28,16,196,1.5096088435374149,0.31247447965142783,6
8,8,250,34,0.5312,10,0.8529411764705882,29,17,181,1.3026263009021628,0.3044020504603395,5
8,8,250,34,0.5312,11,0.9705882352941176,33,18,230,1.4791005291005292,0.27682785999786574,1
8,8,250,34,0.5312,12,0.8823529411764706,30,19,222,1.5371789321789322,0.29016437991231214,4
8,8,250,34,0.5312,13,0.8823529411764706,30,15,207,1.4554497354497355,0.2964734298438998,4
8,8,250,34,0.5312,14,0.8529411764705882,29,18,181,1.4429118773946359,0.3019916398625355,5
8,8,250,34,0.5312,15,0.9705882352941176,33,15,239,1.5495102540557084,0.27424151987361256,1
8,8,250,34,0.5312,16,0.8235294117647058,28,15,154,1.31343537414966,0.2966817303240532,6
8,8,250,34,0.5312,17,1.0,34,17,277,1.4936274509803922,0.2681706094153924,0
8,8,250,34,0.5312,18,0.9117647058823529,31,28,307,1.8659754224270353,0.2981932304101065,3
8,8,250,34,0.5312,19,0.8529411764705882,29,13,187,1.5533139274518584,0.2825472900440218,5
8,8,250,34,0.5312,20,0.8823529411764706,30,14,194,1.4697619047619048,0.28350389962724876,4
8,8,250,34,0.5312,21,0.9117647058823529,31,23,251,1.6767084170309976,0.2822307295718929,3
8,8,250,34,0.5312,22,0.8529411764705882,29,15,201,1.3925150519978104,0.2934468699095305,5
8,8,250,34,0.5312,23,0.9411764705882353,32,15,242,1.4028521825396825,0.28395882007316686,2
8,8,250,34,0.5312,24,0.7352941176470589,25,14,203,1.5011428571428573,0.31847058970015496,9
8,8,250,34,0.5312,25,0.9117647058823529,31,94,432,2.8251920122887864,0.31270712017430924,3
8,8,250,34,0.5312,26,0.8529411764705882,29,13,217,1.7242200328407224,0.3045297405333258,5
8,8,250,34,0.5312,27,0.9705882352941176,33,15,224,1.5007455507455507,0.26908893007203005,1
8,8,250,34,0.5312,28,0.7352941176470589,25,12,137,1.2015238095238094,0.3030334297363879,9
8,8,250,34,0.5312,29,0.9117647058823529,31,21,260,1.766141833077317,0.2897860201483127,3
8,8,250,35,0.5469,0,0.8857142857142857,31,20,236,1.5687054880603266,0.2971146102936473,4
8,8,250,35,0.5469,1,0.9428571428571428,33,18,291,1.6075910621365168,0.30086025028140284,2
8,8,250,35,0.5469,2,0.8,28,17,230,1.4108779117707688,0.3068380499462364,7
8,8,250,35,0.5469,3,0.8857142857142857,31,11,195,1.4858678955453148,0.3283676499995636,4
8,8,250,35,0.5469,4,0.9142857142857143,32,16,269,1.8448660714285714,0.3427102598652709,3
8,8,250,35,0.5469,5,0.8571428571428571,30,12,173,1.2535978835978836,0.3306040396273602,5
8,8,250,35,0.5469,6,0.9714285714285714,34,22,299,1.4540113481289954,0.348841400409583,1
8,8,250,35,0.5469,7,0.9142857142857143,32,14,211,1.3821699134199135,0.3140296404308174,3
8,8,250,35,0.5469,8,0.9428571428571428,33,16,237,1.6241702741702742,0.2920142500079237,2
8,8,250,35,0.5469,9,0.9142857142857143,32,18,287,1.5266763618326118,0.32998344977386296,3
8,8,250,35,0.5469,10,0.7714285714285715,27,17,181,1.442445620223398,0.3312060591997579,8
8,8,250,35,0.5469,11,0.9714285714285714,34,18,272,1.8150093370681606,0.3014344402618008,1
8,8,250,35,0.5469,12,0.9714285714285714,34,14,243,1.6831614463967404,0.31832775042857975,1
8,8,250,35,0.5469,13,0.8,28,16,249,1.7122448979591838,0.33134212040749844,7
8,8,250,35,0.5469,14,0.8857142857142857,31,19,241,1.6959037378392219,0.2923576498142211,4
8,8,250,35,0.5469,15,0.9428571428571428,33,18,248,1.4510363373999737,0.2833102298609447,2
8,8,250,35,0.5469,16,0.8857142857142857,31,14,198,1.5561723223013546,0.2903471099125454,4
8,8,250,35,0.5469,17,0.8857142857142857,31,37,350,2.0426651305683565,0.2942020705086179,4
8,8,250,35,0.5469,18,0.8,28,21,291,2.0706632653061225,0.3089812101825373,7
8,8,250,35,0.5469,19,0.9714285714285714,34,25,321,1.778408029878618,0.2976658298575785,1
8,8,250,35,0.5469,20,0.9142857142857143,32,17,217,1.38866341991342,0.2799701398180332,3
8,8,250,35,0.5469,21,0.8,28,13,168,1.5770408163265306,0.29724964981141966,7
8,8,250,35,0.5469,22,0.8285714285714286,29,17,227,1.4308727670796635,0.3052055802254472,6
8,8,250,35,0.5469,23,0.9428571428571428,33,20,280,1.664033189033189,0.2970730099332286,2
8,8,250,35,0.5469,24,0.7428571428571429,26,22,239,1.6083028083028084,0.3144259498367319,9
8,8,250,35,0.5469,25,0.9142857142857143,32,21,243,1.6174851190476192,0.31473008973989636,3
8,8,250,35,0.5469,26,0.8571428571428571,30,15,243,1.828835978835979,0.35414438010775484,5
8,8,250,35,0.5469,27,0.9142857142857143,32,18,248,1.4582837301587301,0.2976230301283067,3
8,8,250,35,0.5469,28,0.7714285714285715,27,15,186,1.4093527871305649,0.2891310700942995,8
8,8,250,35,0.5469,29,0.8571428571428571,30,21,251,1.5711111111111111,0.3024234800977865,5
8,8,250,36,0.5625,0,0.8888888888888888,32,24,283,1.9322916666666667,0.33932305974303745,4
8,8,250,36,0.5625,1,0.8888888888888888,32,17,214,1.5075024801587302,0.33147270980407484,4
8,8,250,36,0.5625,2,0.8888888888888888,32,17,234,1.567566287878788,0.3138896504242439,4
8,8,250,36,0.5625,3,0.8055555555555556,29,23,251,1.683702791461412,0.3296100904844934,7
8,8,250,36,0.5625,4,1.0,36,31,308,1.6826078242744908,0.30490376018860843,0
8,8,250,36,0.5625,5,0.9444444444444444,34,23,279,1.7639589169000933,0.3314493503421545,2
8,8,250,36,0.5625,6,0.8333333333333334,30,14,204,1.3591005291005291,0.3864931299176533,6
8,8,250,36,0.5625,7,0.9722222222222222,35,18,272,1.5667573696145125,0.3081417701469036,1
8,8,250,36,0.5625,8,0.8055555555555556,29,23,244,1.488232074438971,0.32944665050308686,7
8,8,250,36,0.5625,9,0.9444444444444444,34,23,278,1.6627144097732334,0.3114546099823201,2
8,8,250,36,0.5625,10,0.8888888888888888,32,19,258,1.5085193452380952,0.32432787971629295,4
8,8,250,36,0.5625,11,0.9166666666666666,33,20,264,1.6355699855699855,0.399748980125878,3
8,8,250,36,0.5625,12,0.9166666666666666,33,17,289,1.8246993746993747,0.413004419679055,3
8,8,250,36,0.5625,13,0.8888888888888888,32,21,299,1.6657366071428572,0.32079744974907953,4
8,8,250,36,0.5625,14,0.8611111111111112,31,30,323,1.8895545314900153,0.3286564102018019,5
8,8,250,36,0.5625,15,0.9166666666666666,33,17,255,1.4914403778040142,0.31332297978224233,3
8,8,250,36,0.5625,16,0.8611111111111112,31,15,233,1.6585777126099706,0.3201271503348835,5
8,8,250,36,0.5625,17,0.5833333333333334,21,14,148,1.416780045351474,0.3212832000281196,15
8,8,250,36,0.5625,18,0.9444444444444444,34,25,297,1.5883053221288517,0.3097233896551188,2
8,8,250,36,0.5625,19,0.8611111111111112,31,17,249,1.661341525857655,0.3243905104318401,5
8,8,250,36,0.5625,20,0.8888888888888888,32,14,194,1.2402901785714286,0.32632872978865635,4
8,8,250,36,0.5625,21,0.8055555555555556,29,15,171,1.462151067323481,0.3238155999861192,7
8,8,250,36,0.5625,22,0.9166666666666666,33,24,309,1.6639151252787616,0.326000110435416,3
8,8,250,36,0.5625,23,0.9444444444444444,34,19,286,1.6061741363211952,0.321934179883101,2
8,8,250,36,0.5625,24,0.8055555555555556,29,25,236,1.5476600985221676,0.31400498024595436,7
8,8,250,36,0.5625,25,0.8333333333333334,30,15,216,1.5445286195286196,0.3192886802571593,6
8,8,250,36,0.5625,26,0.9166666666666666,33,27,303,1.7841488477852114,0.31947584997396916,3
8,8,250,36,0.5625,27,0.8888888888888888,32,15,211,1.461656746031746,0.3205194100155495,4
8,8,250,36,0.5625,28,0.9166666666666666,33,15,234,1.475132275132275,0.304522209771676,3
8,8,250,36,0.5625,29,0.8888888888888888,32,19,276,1.645014880952381,0.313053800346097,4
8,8,250,37,0.5781,0,0.8108108108108109,30,16,179,1.33015873015873,0.3304253299575066,7
8,8,250,37,0.5781,1,0.8918918918918919,33,17,211,1.4704785954785955,0.31668917967181187,4
8,8,250,37,0.5781,2,0.7837837837837838,29,17,174,1.214306861720655,0.3399401799106272,8
8,8,250,37,0.5781,3,0.8918918918918919,33,19,295,1.6488576238576238,0.35840382013702765,4
8,8,250,37,0.5781,4,0.972972972972973,36,20,283,1.5430154721821387,0.323823360085953,1
8,8,250,37,0.5781,5,0.8918918918918919,33,12,196,1.5124098124098124,0.3120600897091208,4
8,8,250,37,0.5781,6,0.7567567567567568,28,17,203,1.6402777777777777,0.40655798962689005,9
8,8,250,37,0.5781,7,0.8378378378378378,31,16,246,1.5855094726062469,0.3263273698394187,6
8,8,250,37,0.5781,8,0.7837837837837838,29,21,249,1.633497536945813,0.33677375002298504,8
8,8,250,37,0.5781,9,0.9459459459459459,35,16,259,1.5426268969126113,0.3099398599442793,2
8,8,250,37,0.5781,10,0.8378378378378378,31,17,211,1.4397081413210444,0.3623329294350697,6
8,8,250,37,0.5781,11,0.972972972972973,36,35,455,2.3239875864875867,0.38479634960822295,1
8,8,250,37,0.5781,12,0.9459459459459459,35,25,307,1.7771428571428571,0.36831496021477506,2
8,8,250,37,0.5781,13,0.9459459459459459,35,21,332,2.0715646258503404,0.376296190006542,2
8,8,250,37,0.5781,14,0.972972972972973,36,27,366,1.9192570546737215,0.3235342405969277,1
8,8,250,37,0.5781,15,0.972972972972973,36,19,318,1.5121252204585538,0.323404830560321,1
8,8,250,37,0.5781,16,0.7027027027027027,26,12,166,1.395054945054945,0.3678033996402519,11
8,8,250,37,0.5781,17,0.918918918918919,34,23,305,1.769327731092437,0.34003034998022486,3
8,8,250,37,0.5781,18,0.972972972972973,36,33,415,2.380467372134039,0.3513810897129588,1
8,8,250,37,0.5781,19,0.9459459459459459,35,25,350,1.805639281353567,0.34835809979995247,2
8,8,250,37,0.5781,20,0.918918918918919,34,24,294,1.7624416433239962,0.37030125022283755,3
8,8,250,37,0.5781,21,0.918918918918919,34,19,268,1.8073529411764706,0.32892902025196236,3
8,8,250,37,0.5781,22,0.9459459459459459,35,53,412,2.001982065553494,0.34340023034019396,2
8,8,250,37,0.5781,23,0.9459459459459459,35,19,288,1.8340816326530613,0.3298047398129711,2
8,8,250,37,0.5781,24,0.8378378378378378,31,23,281,2.1988793464599916,0.35321087001648266,6
8,8,250,37,0.5781,25,0.7567567567567568,28,18,243,1.7169642857142857,0.3735270199831575,9
8,8,250,37,0.5781,26,0.972972972972973,36,21,303,1.5318071588904922,0.2949442203680519,1
8,8,250,37,0.5781,27,0.8918918918918919,33,20,242,1.4733044733044733,0.3044634700927418,4
8,8,250,37,0.5781,28,0.9459459459459459,35,17,268,1.338669980812838,0.3139694099809276,2
8,8,250,37,0.5781,29,0.918918918918919,34,22,328,1.9204916815210935,0.383801350108115,3
8,8,250,38,0.5938,0,0.8421052631578947,32,17,230,1.5056299603174603,0.3599093399679987,6
8,8,250,38,0.5938,1,0.8421052631578947,32,40,318,1.8115327380952382,0.3567509902495658,6
8,8,250,38,0.5938,2,0.7894736842105263,30,13,205,1.6592195767195765,0.3298600202106172,8
8,8,250,38,0.5938,3,0.8947368421052632,34,18,289,2.0064775910364148,0.34288041984837037,4
8,8,250,38,0.5938,4,0.8421052631578947,32,17,228,1.703968253968254,0.47704169985081535,6
8,8,250,38,0.5938,5,0.9210526315789473,35,17,243,1.6905751391465678,0.3671028298413148,3
8,8,250,38,0.5938,6,0.8947368421052632,34,11,187,1.380672268907563,0.3142264900088776,4
8,8,250,38,0.5938,7,0.9473684210526315,36,13,248,1.5489417989417988,0.3101738606346771,2
8,8,250,38,0.5938,8,0.8157894736842105,31,19,189,1.294905273937532,0.37550467990513425,7
8,8,250,38,0.5938,9,0.8421052631578947,32,23,273,1.6033482142857143,0.34524860013334546,6
8,8,250,38,0.5938,10,0.9210526315789473,35,21,261,1.6853061224489796,0.33805229992140085,3
8,8,250,38,0.5938,11,0.5789473684210527,22,12,126,1.2257575757575756,0.3789360403607134,16
8,8,250,38,0.5938,12,0.7894736842105263,30,20,229,1.552857142857143,0.3413658902718453,8
8,8,250,38,0.5938,13,0.7631578947368421,29,16,205,1.7166666666666666,0.43711272002838086,9
8,8,250,38,0.5938,14,0.9473684210526315,36,22,371,1.9729828042328041,0.3208029600500595,2
8,8,250,38,0.5938,15,0.8947368421052632,34,16,276,1.7273459383753502,0.35222164988226723,4
8,8,250,38,0.5938,16,0.9210526315789473,35,24,334,1.9695691609977324,0.3528787696996005,3
8,8,250,38,0.5938,17,0.868421052631579,33,15,256,1.6074074074074074,0.33642764981777873,5
8,8,250,38,0.5938,18,0.9736842105263158,37,25,423,2.010996510996511,0.44995175041549373,1
8,8,250,38,0.5938,19,0.9473684210526315,36,21,257,1.6997354497354498,0.3930269295233302,2
8,8,250,38,0.5938,20,0.8421052631578947,32,17,265,1.7793154761904761,0.3401426802156493,6
8,8,250,38,0.5938,21,0.8157894736842105,31,16,234,1.689452124935996,0.35799285033135675,7
8,8,250,38,0.5938,22,0.9210526315789473,35,19,296,1.6279406307977737,0.33931994017621037,3
8,8,250,38,0.5938,23,0.8421052631578947,32,20,253,2.0450396825396826,0.40821518981829286,6
8,8,250,38,0.5938,24,0.8421052631578947,32,14,242,1.7938007305194805,0.36194634027197026,6
8,8,250,38,0.5938,25,0.8947368421052632,34,28,298,1.6780489118724413,0.33065305011405144,4
8,8,250,38,0.5938,26,0.9210526315789473,35,26,355,2.1197835497835498,0.3241209901170805,3
8,8,250,38,0.5938,27,0.7631578947368421,29,23,262,1.8593869731800767,0.34815571023500524,9
8,8,250,38,0.5938,28,0.9473684210526315,36,36,449,2.318093172259839,0.3271018702798756,2
8,8,250,38,0.5938,29,0.631578947368421,24,19,153,1.4101521164021165,0.3405293796095066,14
8,8,250,39,0.6094,0,0.8717948717948718,34,17,240,1.5126517273576097,0.37459466970176436,5
8,8,250,39,0.6094,1,0.8974358974358975,35,25,329,1.6850030921459491,0.34992913984751794,4
8,8,250,39,0.6094,2,0.7692307692307693,30,16,217,1.7142063492063493,0.3935463705420261,9
8,8,250,39,0.6094,3,0.8974358974358975,35,21,244,1.8282354153782725,0.3465369698824361,4
8,8,250,39,0.6094,4,0.8461538461538461,33,17,229,1.6826358826358825,0.39740683969284873,6
8,8,250,39,0.6094,5,0.8717948717948718,34,15,216,1.685064935064935,0.3677491403504973,5
8,8,250,39,0.6094,6,0.9230769230769231,36,14,232,1.4392195767195768,0.32218692016613204,3
8,8,250,39,0.6094,7,0.8717948717948718,34,19,287,1.847689075630252,0.3660624898475362,5
8,8,250,39,0.6094,8,0.8717948717948718,34,21,266,1.5685574229691877,0.36422504956135526,5
8,8,250,39,0.6094,9,0.9743589743589743,38,29,458,2.091624895572264,0.33728800946846604,1
8,8,250,39,0.6094,10,0.717948717948718,28,14,191,1.3295068027210883,0.3869542203756282,11
8,8,250,39,0.6094,11,0.7435897435897436,29,14,162,1.4621112603871225,0.3855898899200838,10
8,8,250,39,0.6094,12,0.8461538461538461,33,27,296,1.7657768157768157,0.34603208987391554,6
8,8,250,39,0.6094,13,0.7692307692307693,30,11,156,1.2646296296296298,0.35956025050836615,9
8,8,250,39,0.6094,14,0.7948717948717948,31,15,210,1.4971093422706325,0.3482551101478748,8
8,8,250,39,0.6094,15,0.7435897435897436,29,19,219,1.3158045977011494,0.40128379048837814,10
8,8,250,39,0.6094,16,0.8205128205128205,32,18,241,1.776140873015873,0.3546577800443629,7
8,8,250,39,0.6094,17,0.8717948717948718,34,17,289,1.4942110177404295,0.32323696003004443,5
8,8,250,39,0.6094,18,0.8461538461538461,33,20,294,1.7475722930268385,0.3982564207399264,6
8,8,250,39,0.6094,19,0.9487179487179487,37,17,251,1.5095881595881597,0.34545762959169224,2
8,8,250,39,0.6094,20,0.8461538461538461,33,24,290,1.7256613756613757,0.3877700701559661,6
8,8,250,39,0.6094,21,0.8974358974358975,35,19,283,1.6815646258503403,0.32145556004252285,4
8,8,250,39,0.6094,22,0.8717948717948718,34,27,355,2.151190476190476,0.3601060699293157,5
8,8,250,39,0.6094,23,0.7948717948717948,31,19,267,1.7719590445396898,0.3505439903528895,8
8,8,250,39,0.6094,24,0.8461538461538461,33,13,207,1.5081048581048582,0.3668588795699179,6
8,8,250,39,0.6094,25,0.5384615384615384,21,15,133,1.6558956916099774,0.4362528301862767,18
8,8,250,39,0.6094,26,0.9230769230769231,36,23,352,1.8771705146705147,0.3343061396299163,3
8,8,250,39,0.6094,27,0.8974358974358975,35,27,337,1.8531972789115647,0.3420811595424311,4
8,8,250,39,0.6094,28,0.8717948717948718,34,24,335,1.8447033358798064,0.3534416404727381,5
8,8,250,39,0.6094,29,1.0,39,26,456,2.297006697006697,0.45999456036952324,0
8,8,250,40,0.625,0,0.725,29,18,198,1.5340996168582375,0.4025284504314186,11
8,8,250,40,0.625,1,1.0,40,20,366,1.8283802308802308,0.35863453020283487,0
8,8,250,40,0.625,2,0.85,34,29,347,2.1131122145828027,0.37556279989075847,6
8,8,250,40,0.625,3,0.9,36,21,280,2.0304783950617287,0.34479191999707837,4
8,8,250,40,0.625,4,0.775,31,22,303,2.1099892938602616,0.3595989102177555,9
8,8,250,40,0.625,5,0.925,37,18,311,1.6539682539682539,0.41090224935032893,3
8,8,250,40,0.625,6,0.625,25,18,168,1.4933333333333334,0.3847632101678755,15
8,8,250,40,0.625,7,0.875,35,21,284,1.697687074829932,0.38282012988929637,5
8,8,250,40,0.625,8,0.975,39,26,331,1.6872608872608872,0.3486095202242723,1
8,8,250,40,0.625,9,0.85,34,14,249,1.3351561836855956,0.3548849902290385,6
8,8,250,40,0.625,10,0.925,37,21,324,1.6975868725868726,0.36746952020621393,3
8,8,250,40,0.625,11,0.975,39,21,307,2.362108262108262,0.34749401012959424,1
8,8,250,40,0.625,12,0.95,38,23,343,1.779908103592314,0.3540363196952967,2
8,8,250,40,0.625,13,0.9,36,20,274,1.5347883597883598,0.3803311297815526,4
8,8,250,40,0.625,14,0.75,30,13,209,1.5774074074074074,0.3541726800176548,10
8,8,250,40,0.625,15,0.85,34,22,294,1.6598272642390288,0.4153437798959203,6
8,8,250,40,0.625,16,0.875,35,16,233,1.3534508348794063,0.35177133009710815,5
8,8,250,40,0.625,17,0.875,35,35,308,1.9354421768707482,0.368678399536293,5
8,8,250,40,0.625,18,0.85,34,22,300,1.8319327731092436,0.36526982999930624,6
8,8,250,40,0.625,19,0.875,35,14,202,1.3739455782312924,0.3983870497904718,5
8,8,250,40,0.625,20,0.85,34,22,210,1.344810744810745,0.3661501199530903,6
8,8,250,40,0.625,21,0.775,31,19,261,1.8215821812596007,0.3626391998841427,9
8,8,250,40,0.625,22,0.875,35,40,425,2.399054834054834,0.3649369499180466,5
8,8,250,40,0.625,23,0.825,33,23,268,1.6983221324130415,0.3813666296628071,7
8,8,250,40,0.625,24,0.825,33,13,221,1.5056277056277056,0.36900554994645063,7
8,8,250,40,0.625,25,0.775,31,22,258,1.7010368663594468,0.3853562301083002,9
8,8,250,40,0.625,26,0.925,37,17,280,1.7800019800019802,0.40180654999858234,3
8,8,250,40,0.625,27,0.85,34,20,321,1.8572595704948647,0.38221706068725325,6
8,8,250,40,0.625,28,0.9,36,17,239,1.6366207866207867,0.3672875801566988,4
8,8,250,40,0.625,29,0.725,29,32,208,1.6639324277255312,0.376539309945656,11
8,8,250,41,0.6406,0,0.975609756097561,40,26,424,2.1221266233766234,0.3549142100382596,1
8,8,250,41,0.6406,1,0.8536585365853658,35,25,241,1.4713396127681844,0.4188511599204503,6
8,8,250,41,0.6406,2,0.7317073170731707,30,17,214,1.585767195767196,0.41526735985826235,11
8,8,250,41,0.6406,3,0.926829268292683,38,23,338,2.2018018531176424,0.3654468803142663,3
8,8,250,41,0.6406,4,0.926829268292683,38,44,461,2.4672552593605226,0.3718212400417542,3
8,8,250,41,0.6406,5,0.9512195121951219,39,24,367,1.8912393162393164,0.35256587027106434,2
8,8,250,41,0.6406,6,0.8292682926829268,34,14,250,1.4794117647058822,0.36041843028215226,7
8,8,250,41,0.6406,7,0.8536585365853658,35,25,362,2.086455370026799,0.3753516505821608,6
8,8,250,41,0.6406,8,0.9024390243902439,37,23,398,2.1125804375804376,0.3750094798306236,4
8,8,250,41,0.6406,9,0.8780487804878049,36,30,428,2.231595719095719,0.35613852051028516,5
8,8,250,41,0.6406,10,0.8536585365853658,35,40,379,1.9490702947845806,0.37116344952664804,6
8,8,250,41,0.6406,11,0.9024390243902439,37,18,295,1.9892106392106392,0.36388444968906697,4
8,8,250,41,0.6406,12,0.9024390243902439,37,27,362,1.8848904098904098,0.402614159611403,4
8,8,250,41,0.6406,13,0.8292682926829268,34,15,229,1.273424369747899,0.4083802201785147,7
8,8,250,41,0.6406,14,0.975609756097561,40,75,628,2.7832160894660896,0.35502041937434115,1
8,8,250,41,0.6406,15,0.7804878048780488,32,15,246,1.4624007936507937,0.37698582957091276,9
8,8,250,41,0.6406,16,0.8536585365853658,35,30,397,2.152603586889301,0.36776192027900834,6
8,8,250,41,0.6406,17,0.8536585365853658,35,25,311,1.9339229024943312,0.3613597199000651,6
8,8,250,41,0.6406,18,0.975609756097561,40,24,418,1.9471545815295817,0.340374820298166,1
8,8,250,41,0.6406,19,0.9024390243902439,37,20,292,1.4622372372372372,0.3531419402133906,4
8,8,250,41,0.6406,20,0.8780487804878049,36,40,278,1.417283950617284,0.35816343006445095,5
8,8,250,41,0.6406,21,0.8048780487804879,33,19,272,1.7647186147186147,0.40899856030591764,8
8,8,250,41,0.6406,22,0.9024390243902439,37,19,283,1.8205920205920207,0.3867047108360566,4
8,8,250,41,0.6406,23,0.8780487804878049,36,27,317,1.652593394260061,0.4014263898716308,5
8,8,250,41,0.6406,24,0.8048780487804879,33,16,235,1.749112335475972,0.4109406999486964,8
8,8,250,41,0.6406,25,0.9024390243902439,37,22,392,2.6374946374946373,0.37811664973560255,4
8,8,250,41,0.6406,26,0.8780487804878049,36,14,235,1.6725088183421517,0.40030574004049413,5
8,8,250,41,0.6406,27,0.8780487804878049,36,21,358,1.7474947891614558,0.4153096400841605,5
8,8,250,41,0.6406,28,0.9024390243902439,37,18,305,1.7995495495495495,0.3724578401306644,4
8,8,250,41,0.6406,29,0.9512195121951219,39,48,396,2.1163290413290414,0.36419590942387003,2
8,8,250,42,0.6562,0,0.7619047619047619,32,16,250,1.7310290404040405,0.42476616967178416,10
8,8,250,42,0.6562,1,0.7857142857142857,33,45,295,1.8472255017709562,0.38915897996048443,9
8,8,250,42,0.6562,2,0.9285714285714286,39,30,396,2.1735449735449737,0.40376437034865376,3
8,8,250,42,0.6562,3,0.8333333333333334,35,35,251,1.4512152133580705,0.39420050037733745,7
8,8,250,42,0.6562,4,0.8333333333333334,35,17,269,1.9397979797979799,0.3775524004595354,7
8,8,250,42,0.6562,5,0.9523809523809523,40,21,340,1.7211805555555557,0.3541513898380799,2
8,8,250,42,0.6562,6,0.8333333333333334,35,24,377,2.06125850340136,0.3652816398971481,7
8,8,250,42,0.6562,7,0.7619047619047619,32,20,267,1.6995535714285714,0.41896199007169344,10
8,8,250,42,0.6562,8,0.8571428571428571,36,79,418,2.3189153439153443,0.4016088093339931,6
8,8,250,42,0.6562,9,0.7380952380952381,31,17,294,1.8923520923520922,0.3810126902681077,11
8,8,250,42,0.6562,10,0.8333333333333334,35,15,286,1.8183673469387756,0.4112457098381128,7
8,8,250,42,0.6562,11,0.7857142857142857,33,19,290,1.8084000174909267,0.47478787957516033,9
8,8,250,42,0.6562,12,1.0,42,24,430,2.029828901257473,0.37203652020252775,0
8,8,250,42,0.6562,13,0.8809523809523809,37,16,273,1.5123552123552124,0.3632672997628106,5
8,8,250,42,0.6562,14,0.8809523809523809,37,23,325,1.6372684372684372,0.3826774896151619,5
8,8,250,42,0.6562,15,0.8333333333333334,35,24,268,1.6576643990929705,0.424743150069844,7
8,8,250,42,0.6562,16,0.9523809523809523,40,19,366,1.9325090187590188,0.3753079700982198,2
8,8,250,42,0.6562,17,0.9523809523809523,40,29,454,1.9642069042069044,0.3963994505465962,2
8,8,250,42,0.6562,18,0.8571428571428571,36,19,317,1.676708553791887,0.42859532943111844,6
8,8,250,42,0.6562,19,0.9285714285714286,39,25,374,1.8313390313390312,0.3966782695351867,3
8,8,250,42,0.6562,20,0.8571428571428571,36,17,239,1.6320987654320986,0.4103735802345909,6
8,8,250,42,0.6562,21,0.9047619047619048,38,29,409,2.2125835421888054,0.3790970400586957,4
8,8,250,42,0.6562,22,0.8333333333333334,35,29,297,2.1148299319727895,0.3747112698329147,7
8,8,250,42,0.6562,23,0.9285714285714286,39,23,351,1.7943075443075445,0.38029274008295033,3
8,8,250,42,0.6562,24,0.8571428571428571,36,19,281,2.1545414462081127,0.4005109501304105,6
8,8,250,42,0.6562,25,0.8571428571428571,36,19,383,2.593276014109348,0.39750186006131116,6
8,8,250,42,0.6562,26,0.8809523809523809,37,33,460,2.3523370773370775,0.38481283008877654,5
8,8,250,42,0.6562,27,0.8809523809523809,37,25,390,2.1245495495495494,0.38258055014011916,5
8,8,250,42,0.6562,28,0.6428571428571429,27,13,176,1.4595238095238097,0.40233177998743486,15
8,8,250,42,0.6562,29,0.9285714285714286,39,30,477,2.3332149332149332,0.3908144299930427,3
8,8,250,43,0.6719,0,0.9534883720930233,41,29,463,1.9793545208179353,0.4063162901729811,2
8,8,250,43,0.6719,1,0.9302325581395349,40,22,367,1.9315764790764791,0.3738607099512592,3
8,8,250,43,0.6719,2,0.7441860465116279,32,31,265,1.6742311507936507,0.4241057898616418,11
8,8,250,43,0.6719,3,0.8604651162790697,37,31,342,1.7797326547326549,0.3952534302516142,6
8,8,250,43,0.6719,4,0.9534883720930233,41,23,372,1.9855207123499805,0.39356812005280517,2
8,8,250,43,0.6719,5,0.9069767441860465,39,24,401,1.9911273911273912,0.4232385101931868,4
8,8,250,43,0.6719,6,0.8372093023255814,36,20,299,1.6191798941798943,0.4433124398929067,7
8,8,250,43,0.6719,7,0.8837209302325582,38,23,401,2.3795217209690893,0.3709576898108935,5
8,8,250,43,0.6719,8,0.7674418604651163,33,16,204,1.4731120731120733,0.41933868007618,10
8,8,250,43,0.6719,9,0.9069767441860465,39,36,355,1.6778194028194027,0.3704821701103356,4
8,8,250,43,0.6719,10,0.8372093023255814,36,31,382,1.9739157447490783,0.42978639976354316,7
8,8,250,43,0.6719,11,0.9302325581395349,40,33,406,2.13661075036075,0.3881631402327912,3
8,8,250,43,0.6719,12,0.813953488372093,35,23,309,1.7902535559678416,0.41860391982481815,8
8,8,250,43,0.6719,13,0.8837209302325582,38,27,364,1.7897860180754916,0.40056160993117373,5
8,8,250,43,0.6719,14,0.7906976744186046,34,20,296,1.7930035650623886,0.42615332975401543,9
8,8,250,43,0.6719,15,0.7906976744186046,34,18,280,1.6818394024276377,0.4652395099401474,9
8,8,250,43,0.6719,16,0.813953488372093,35,23,300,2.00078231292517,0.41072910018556286,8
8,8,250,43,0.6719,17,0.9302325581395349,40,30,457,2.1552202658452657,0.4106559397041565,3
8,8,250,43,0.6719,18,0.9069767441860465,39,18,307,1.7442612942612943,0.38912690986762755,4
8,8,250,43,0.6719,19,0.9069767441860465,39,22,356,1.9221815221815222,0.4051335000258405,4
8,8,250,43,0.6719,20,0.8604651162790697,37,30,346,1.872126522126522,0.4089147300692275,6
8,8,250,43,0.6719,21,0.8837209302325582,38,21,271,1.7169172932330827,0.385608470387524,5
8,8,250,43,0.6719,22,0.9069767441860465,39,20,370,2.149291449291449,0.38540541027032305,4
8,8,250,43,0.6719,23,0.8837209302325582,38,20,332,1.6714912280701755,0.3868645298643969,5
8,8,250,43,0.6719,24,0.8604651162790697,37,18,241,1.7649506649506648,0.4047452096710913,6
8,8,250,43,0.6719,25,0.8372093023255814,36,22,390,2.2427028218694884,0.40198830007284414,7
8,8,250,43,0.6719,26,0.9534883720930233,41,28,500,2.314746770844332,0.3934097499586642,2
8,8,250,43,0.6719,27,0.9302325581395349,40,20,351,1.7768217893217895,0.41481895990727935,3
8,8,250,43,0.6719,28,0.7441860465116279,32,21,250,1.6449404761904762,0.4267743204400176,11
8,8,250,43,0.6719,29,0.8604651162790697,37,33,449,2.22999132999133,0.4080766202969244,6
8,8,250,44,0.6875,0,0.9090909090909091,40,96,468,2.174604076479077,0.3944186301669106,4
8,8,250,44,0.6875,1,0.7045454545454546,31,20,293,1.754057859703021,0.41648416001407895,13
8,8,250,44,0.6875,2,0.9090909090909091,40,24,371,2.1051623376623376,0.4213839504518546,4
8,8,250,44,0.6875,3,0.8409090909090909,37,26,414,2.043940368940369,0.4261167603544891,7
8,8,250,44,0.6875,4,0.9318181818181818,41,28,434,2.09504452187379,0.4082387102971552,3
8,8,250,44,0.6875,5,0.8181818181818182,36,26,319,1.9324074074074074,0.4711072002828587,8
8,8,250,44,0.6875,6,0.7954545454545454,35,15,276,1.904716553287982,0.4555792001337977,9
8,8,250,44,0.6875,7,0.8409090909090909,37,36,372,2.0215894465894464,0.4018176699173637,7
8,8,250,44,0.6875,8,0.8636363636363636,38,23,279,1.7030701754385966,0.40292736011906527,6
8,8,250,44,0.6875,9,0.9318181818181818,41,23,369,1.898315911730546,0.44770772008632775,3
8,8,250,44,0.6875,10,0.8409090909090909,37,24,364,1.8906380406380405,0.43378274982387666,7
8,8,250,44,0.6875,11,0.8636363636363636,38,24,367,1.9942849548112704,0.40249460013001226,6
8,8,250,44,0.6875,12,0.9090909090909091,40,23,396,1.9458883477633477,0.38886332033143844,4
8,8,250,44,0.6875,13,0.8409090909090909,37,27,433,2.276140151140151,0.4134828503447352,7
8,8,250,44,0.6875,14,0.8863636363636364,39,19,366,2.006549006549007,0.3733199296402745,5
8,8,250,44,0.6875,15,0.75,33,25,348,2.0703944203944205,0.41784311943047214,11
8,8,250,44,0.6875,16,0.9772727272727273,43,18,334,1.6881782945736434,0.3979539100691909,1
8,8,250,44,0.6875,17,0.9545454545454546,42,28,487,2.0133430062001487,0.39146086033724714,2
8,8,250,44,0.6875,18,0.8636363636363636,38,37,382,2.0593776106934,0.4201114602619782,6
8,8,250,44,0.6875,19,0.8636363636363636,38,22,312,1.8024018379281537,0.3973993998079095,6
8,8,250,44,0.6875,20,0.9318181818181818,41,19,382,2.436595044521874,0.39984157992876135,3
8,8,250,44,0.6875,21,0.8863636363636364,39,24,384,2.0387667887667886,0.41454845944826957,5
8,8,250,44,0.6875,22,0.9318181818181818,41,23,365,1.7834987505719213,0.4133401699073147,3
8,8,250,44,0.6875,23,0.9318181818181818,41,29,381,1.8059339711778735,0.4279693301941734,3
8,8,250,44,0.6875,24,0.8409090909090909,37,21,334,1.724977574977575,0.4399186100636143,7
8,8,250,44,0.6875,25,0.8863636363636364,39,21,401,2.198087098087098,0.45629194981302135,5
8,8,250,44,0.6875,26,0.7954545454545454,35,20,318,1.8302576788291074,0.42330571995989885,9
8,8,250,44,0.6875,27,0.9772727272727273,43,22,436,2.0349575489110374,0.4079661403375212,1
8,8,250,44,0.6875,28,0.7272727272727273,32,19,258,2.064136904761905,0.44414288036932703,12
8,8,250,44,0.6875,29,0.9545454545454546,42,30,386,1.9366333402047688,0.38830316996609326,2
8,8,250,45,0.7031,0,0.8444444444444444,38,22,364,1.9677688539530644,0.4332458497810876,7
8,8,250,45,0.7031,1,0.9111111111111111,41,47,503,2.2341472213423432,0.4186759296862874,4
8,8,250,45,0.7031,2,0.8222222222222222,37,35,403,2.5764157014157014,0.44217199996637646,8
8,8,250,45,0.7031,3,0.9777777777777777,44,24,544,2.3644209956709954,0.41601216958952136,1
8,8,250,45,0.7031,4,0.9111111111111111,41,28,464,2.0479041283919335,0.4177484202227788,4
8,8,250,45,0.7031,5,0.8,36,20,270,1.882231040564374,0.40726096973230597,9
8,8,250,45,0.7031,6,0.9555555555555556,43,23,453,2.026190476190476,0.39012597007968,2
8,8,250,45,0.7031,7,0.8888888888888888,40,21,333,1.7499107142857142,0.4588631200022064,5
8,8,250,45,0.7031,8,0.8222222222222222,37,52,388,2.292086892086892,0.43038142983277794,8
8,8,250,45,0.7031,9,0.7111111111111111,32,28,321,2.2031831883394384,0.4263660496508237,13
8,8,250,45,0.7031,10,0.9333333333333333,42,23,478,2.1945697159982878,0.41272637972724624,3
8,8,250,45,0.7031,11,0.8222222222222222,37,36,389,2.076196326196326,0.42358715007139836,8
8,8,250,45,0.7031,12,0.7333333333333333,33,22,287,2.08397175215357,0.4485354603093583,12
8,8,250,45,0.7031,13,0.9333333333333333,42,21,339,1.6711865515436943,0.39305243000853807,3
8,8,250,45,0.7031,14,0.9333333333333333,42,28,499,2.304141757713186,0.4055674599658232,3
8,8,250,45,0.7031,15,0.8222222222222222,37,19,285,1.8232381732381733,0.46695842043845914,8
8,8,250,45,0.7031,16,0.9777777777777777,44,18,388,1.8021677817132362,0.45701873961661477,1
8,8,250,45,0.7031,17,0.8666666666666667,39,22,300,1.686069486069486,0.4125469798600534,6
8,8,250,45,0.7031,18,0.9333333333333333,42,30,465,2.490117157974301,0.4376883299119072,3
8,8,250,45,0.7031,19,0.8888888888888888,40,23,344,1.9195707070707069,0.4320043000916485,5
8,8,250,45,0.7031,20,0.8444444444444444,38,31,424,1.9456330219488114,0.4469223098567454,7
8,8,250,45,0.7031,21,1.0,45,27,557,2.4830840147506814,0.4090377801185241,0
8,8,250,45,0.7031,22,0.8222222222222222,37,23,359,2.16029601029601,0.4313939999701688,8
8,8,250,45,0.7031,23,0.8888888888888888,40,23,373,1.9222376234876237,0.42400943966640625,5
8,8,250,45,0.7031,24,0.8666666666666667,39,26,376,1.8777833277833276,0.4387950302043464,6
8,8,250,45,0.7031,25,0.9111111111111111,41,35,457,2.1070751064653503,0.42981354978110176,4
8,8,250,45,0.7031,26,0.8,36,22,339,1.6673721340388008,0.4961100299260579,9
8,8,250,45,0.7031,27,0.9555555555555556,43,19,405,1.8441029900332226,0.44452450980315916,2
8,8,250,45,0.7031,28,0.9333333333333333,42,21,327,1.481849962207105,0.4204554504394764,3
8,8,250,45,0.7031,29,0.9111111111111111,41,33,456,2.6716027874564463,0.43330608976248186,4
8,8,250,46,0.7188,0,0.8043478260869565,37,20,347,2.063097188097188,0.45297015058167744,9
8,8,250,46,0.7188,1,0.7391304347826086,34,18,274,1.8254901960784315,0.46975620040029753,12
8,8,250,46,0.7188,2,0.8043478260869565,37,20,314,1.9581831831831833,0.4546513698005583,9
8,8,250,46,0.7188,3,0.8043478260869565,37,55,493,2.8537323037323037,0.4311523601791123,9
8,8,250,46,0.7188,4,0.8478260869565217,39,24,422,1.9605783105783108,0.4503902400028892,7
8,8,250,46,0.7188,5,0.8695652173913043,40,23,351,1.9341594516594516,0.4326097499142634,6
8,8,250,46,0.7188,6,0.8695652173913043,40,50,523,2.6346230158730157,0.44171419976919424,6
8,8,250,46,0.7188,7,0.8043478260869565,37,16,283,1.8275954525954525,0.4758501798642101,9
8,8,250,46,0.7188,8,0.8913043478260869,41,22,349,1.6606658923732094,0.509854819974862,5
8,8,250,46,0.7188,9,0.8478260869565217,39,40,415,1.9913734413734414,0.4423901800328167,7
8,8,250,46,0.7188,10,0.8478260869565217,39,25,304,1.5206145706145706,0.4344471203512512,7
8,8,250,46,0.7188,11,0.8913043478260869,41,32,504,2.1214338507021435,0.44271809987549204,5
8,8,250,46,0.7188,12,0.8478260869565217,39,25,429,2.113611957842727,0.44349653973768,7
8,8,250,46,0.7188,13,0.9130434782608695,42,26,368,1.7364984882842025,0.41616428054112475,4
8,8,250,46,0.7188,14,0.8695652173913043,40,29,341,1.8987698412698415,0.4481877102080034,6
8,8,250,46,0.7188,15,0.7608695652173914,35,19,248,1.6012585034013604,0.4583814102807082,11
8,8,250,46,0.7188,16,0.8043478260869565,37,47,321,1.6617117117117117,0.44483270015916787,9
8,8,250,46,0.7188,17,0.8478260869565217,39,34,464,2.509218559218559,0.4522161395289004,7
8,8,250,46,0.7188,18,0.8695652173913043,40,21,369,2.083293650793651,0.44674427015706897,6
8,8,250,46,0.7188,19,0.9347826086956522,43,27,419,2.157698244907547,0.44502976998046506,3
8,8,250,46,0.7188,20,0.9347826086956522,43,56,547,2.4959210040605386,0.4346110100595979,3
8,8,250,46,0.7188,21,0.9347826086956522,43,33,648,3.375873351454747,0.42720897028630134,3
8,8,250,46,0.7188,22,0.8260869565217391,38,19,287,1.655733082706767,0.44470772016211413,8
8,8,250,46,0.7188,23,0.8913043478260869,41,22,365,2.120731707317073,0.43374824010243174,5
8,8,250,46,0.7188,24,0.8695652173913043,40,42,546,2.452939144189144,0.44133875002444256,6
8,8,250,46,0.7188,25,0.782608695652174,36,20,334,2.01494708994709,0.43812863950734027,10
8,8,250,46,0.7188,26,0.7608695652173914,35,22,299,1.5555442176870748,0.43916291986533906,11
8,8,250,46,0.7188,27,0.8695652173913043,40,16,296,1.4363988095238096,0.42275360981875565,6
8,8,250,46,0.7188,28,0.8260869565217391,38,20,300,1.5158644717855245,0.42801125011465047,8
8,8,250,46,0.7188,29,0.6956521739130435,32,17,259,1.7866443452380951,0.4483774697291665,14
8,8,250,47,0.7344,0,0.9148936170212766,43,31,461,2.6114617940199336,0.4639139304345008,4
8,8,250,47,0.7344,1,0.9361702127659575,44,37,586,2.2770923520923523,0.448911920102546,3
8,8,250,47,0.7344,2,0.851063829787234,40,24,459,2.3868001443001443,0.4633130701404298,7
8,8,250,47,0.7344,3,0.7021276595744681,33,17,240,2.4255476846385937,0.4894493096799124,14
8,8,250,47,0.7344,4,0.8085106382978723,38,26,443,2.0835868079289135,0.48586977973172907,9
8,8,250,47,0.7344,5,0.6382978723404256,30,21,298,2.201465848965849,0.45649915031390265,17
8,8,250,47,0.7344,6,0.8085106382978723,38,32,437,2.1114766081871346,0.48088699055369943,9
8,8,250,47,0.7344,7,0.8297872340425532,39,22,384,1.958140008140008,0.4563592897466151,8
8,8,250,47,0.7344,8,0.8723404255319149,41,27,397,2.0355515081124835,0.4421935707068769,6
8,8,250,47,0.7344,9,0.8936170212765957,42,34,455,2.001668040953755,0.4655202596768504,5
8,8,250,47,0.7344,10,0.9574468085106383,45,46,617,2.4423280423280422,0.42306205003114883,2
8,8,250,47,0.7344,11,0.7872340425531915,37,24,319,2.263899613899614,0.4782422493735794,10
8,8,250,47,0.7344,12,0.9148936170212766,43,37,638,2.6764022153557034,0.42604229027347174,4
8,8,250,47,0.7344,13,0.7659574468085106,36,26,415,2.4013007054673725,0.44940586914890446,11
8,8,250,47,0.7344,14,0.8297872340425532,39,24,321,1.9645095645095647,0.4598886697203852,8
8,8,250,47,0.7344,15,0.7872340425531915,37,20,267,1.469111969111969,0.4646734798006946,10
8,8,250,47,0.7344,16,0.9148936170212766,43,28,475,2.1606090937486284,0.44157460979477037,4
8,8,250,47,0.7344,17,0.9148936170212766,43,37,524,2.7502583979328166,0.4295509899384342,4
8,8,250,47,0.7344,18,0.8723404255319149,41,21,344,2.2056329849012775,0.4477030801353976,6
8,8,250,47,0.7344,19,0.9361702127659575,44,31,522,2.431110619178801,0.4228120298648719,3
8,8,250,47,0.7344,20,0.9361702127659575,44,29,456,2.1045282369146006,0.46432152019406203,3
8,8,250,47,0.7344,21,0.9148936170212766,43,29,422,1.8157723413537368,0.4445148394006537,4
8,8,250,47,0.7344,22,0.7872340425531915,37,23,371,2.1522093522093524,0.483668200467946,10
8,8,250,47,0.7344,23,0.9787234042553191,46,26,566,2.490124850994416,0.4457390897005098,1
8,8,250,47,0.7344,24,0.6808510638297872,32,16,258,1.7643477182539682,0.5001086496486096,15
8,8,250,47,0.7344,25,0.7872340425531915,37,66,419,2.2483483483483484,0.4641586300567724,10
8,8,250,47,0.7344,26,0.8297872340425532,39,21,384,2.042216117216117,0.44744542996340897,8
8,8,250,47,0.7344,27,0.8936170212765957,42,23,421,1.871201814058957,0.4573023096600082,5
8,8,250,47,0.7344,28,0.8936170212765957,42,34,405,1.8062856455713598,0.44711896014632657,5
8,8,250,47,0.7344,29,0.8085106382978723,38,40,542,2.99562447786132,0.49321192971547134,9
8,8,250,48,0.75,0,0.7916666666666666,38,30,467,2.781588440798967,0.4903293200186454,10
8,8,250,48,0.75,1,0.8958333333333334,43,22,488,2.187642202758482,0.4617193406011211,5
8,8,250,48,0.75,2,0.9375,45,36,590,2.4521628988295654,0.4712392199144233,3
8,8,250,48,0.75,3,0.7708333333333334,37,19,288,1.9589661089661088,0.4882473897305317,11
8,8,250,48,0.75,4,0.875,42,46,392,2.2666572184429326,0.47719866983243264,6
8,8,250,48,0.75,5,0.8958333333333334,43,20,438,2.1167774086378737,0.47850227951130364,5
8,8,250,48,0.75,6,0.8541666666666666,41,22,438,2.382522084961109,0.4650088296330068,7
8,8,250,48,0.75,7,0.7291666666666666,35,19,294,2.091292517006803,0.47049791006429587,13
8,8,250,48,0.75,8,0.75,36,28,339,2.0346230158730156,0.4764054701081477,12
8,8,250,48,0.75,9,0.75,36,20,256,1.889862914862915,0.4770571397966705,12
8,8,250,48,0.75,10,0.875,42,24,408,2.02634250669965,0.45715002037468366,6
8,8,250,48,0.75,11,0.7708333333333334,37,29,371,2.0434830934830934,0.4729326198139461,11
8,8,250,48,0.75,12,0.8541666666666666,41,37,572,3.1028719248231442,0.5396803999610711,7
8,8,250,48,0.75,13,0.8541666666666666,41,32,460,2.0943766937669377,0.49126891026389785,7
8,8,250,48,0.75,14,0.8958333333333334,43,26,424,2.0734588409007015,0.46247506004874595,5
8,8,250,48,0.75,15,0.9166666666666666,44,23,479,2.361273448773449,0.4593733898946084,4
8,8,250,48,0.75,16,0.7916666666666666,38,40,389,2.215731052573158,0.48999608006852213,10
8,8,250,48,0.75,17,0.7916666666666666,38,18,330,1.9269005847953218,0.5211343595874496,10
8,8,250,48,0.75,18,0.8541666666666666,41,19,347,1.6105400696864112,0.4660732895717956,7
8,8,250,48,0.75,19,0.9166666666666666,44,35,640,2.814177489177489,0.4752886198548367,4
8,8,250,48,0.75,20,0.875,42,25,452,1.9525862365148081,0.46799800998996943,6
8,8,250,48,0.75,21,0.8958333333333334,43,31,534,2.6918646598879157,0.44394228018063586,5
8,8,250,48,0.75,22,0.8958333333333334,43,31,499,2.081576562971912,0.4427590897830669,5
8,8,250,48,0.75,23,0.9166666666666666,44,32,488,2.145211038961039,0.42552816979878116,4
8,8,250,48,0.75,24,0.9375,45,23,441,2.402818662818663,0.44021256995620206,3
8,8,250,48,0.75,25,0.9166666666666666,44,27,454,2.2740341728978093,0.4717354296008125,4
8,8,250,48,0.75,26,0.875,42,23,383,1.9976405208548067,0.46432053022726905,6
8,8,250,48,0.75,27,0.875,42,26,418,1.9729832336975193,0.4636042700440157,6
8,8,250,48,0.75,28,0.9583333333333334,46,37,579,2.366873706004141,0.4478649497468723,2
8,8,250,48,0.75,29,0.875,42,35,472,2.4006115577544147,0.4656840303505305,6
8,8,250,49,0.7656,0,0.8571428571428571,42,26,434,1.8764644746787604,0.48861528011912014,7
8,8,250,49,0.7656,1,0.8979591836734694,44,38,531,2.5475378787878786,0.4759844398358837,5
8,8,250,49,0.7656,2,0.8775510204081632,43,33,582,2.5244775250589204,0.4972621001797961,6
8,8,250,49,0.7656,3,0.7959183673469388,39,35,379,2.2703601953601953,0.4882452397578163,10
8,8,250,49,0.7656,4,0.9387755102040817,46,29,430,1.8482056590752243,0.48752787937701214,3
8,8,250,49,0.7656,5,0.7755102040816326,38,27,354,1.928654970760234,0.505552750400966,11
8,8,250,49,0.7656,6,0.9591836734693877,47,25,487,1.9476697061803443,0.45796668018738274,2
8,8,250,49,0.7656,7,0.8163265306122449,40,27,350,2.2692261904761906,0.5072345996450167,9
8,8,250,49,0.7656,8,0.7551020408163265,37,26,341,2.392861042861043,0.5080057103623403,12
8,8,250,49,0.7656,9,0.673469387755102,33,24,243,1.611976911976912,0.5073434193036519,16
8,8,250,49,0.7656,10,0.8367346938775511,41,24,445,1.9428184281842817,0.5267900301987538,8
8,8,250,49,0.7656,11,0.8979591836734694,44,36,600,3.1288116555162007,0.5047349599772133,5
8,8,250,49,0.7656,12,0.8367346938775511,41,24,407,2.423025551684088,0.4924001202743966,8
8,8,250,49,0.7656,13,0.8163265306122449,40,23,366,1.9473005466755466,0.4872777899436187,9
8,8,250,49,0.7656,14,0.8571428571428571,42,43,453,2.2999433106575964,0.5061128703528084,7
8,8,250,49,0.7656,15,0.9183673469387755,45,23,418,1.8183597883597884,0.4678665298706619,4
8,8,250,49,0.7656,16,0.8775510204081632,43,28,494,2.1245511594348803,0.48898536937485915,6
8,8,250,49,0.7656,17,0.7755102040816326,38,22,394,1.980983709273183,0.4798339300759835,11
8,8,250,49,0.7656,18,0.7551020408163265,37,20,254,1.7465250965250965,0.4833219093416119,12
8,8,250,49,0.7656,19,0.8775510204081632,43,29,446,2.4365180039598644,0.5281339398788987,6
8,8,250,49,0.7656,20,0.8571428571428571,42,33,495,2.486082766439909,0.48619067973049823,7
8,8,250,49,0.7656,21,0.9183673469387755,45,29,479,2.0570562770562772,0.47632962989155203,4
8,8,250,49,0.7656,22,0.8979591836734694,44,46,483,2.297444411648957,0.5004851294506807,5
8,8,250,49,0.7656,23,0.7142857142857143,35,16,339,2.1617254174397034,0.5194669408228947,14
8,8,250,49,0.7656,24,0.8775510204081632,43,25,465,2.3156330749354006,0.4728154800250195,6
8,8,250,49,0.7656,25,0.9183673469387755,45,27,458,1.989320987654321,0.4867403100070078,4
8,8,250,49,0.7656,26,0.8367346938775511,41,32,439,2.1916182733255902,0.5177361600362929,8
8,8,250,49,0.7656,27,0.8979591836734694,44,21,434,2.3223935786435788,0.5010219704126939,5
8,8,250,49,0.7656,28,0.9183673469387755,45,30,509,2.4198236331569665,0.46484313017572276,4
8,8,250,49,0.7656,29,0.8775510204081632,43,29,461,2.3266250545320313,0.5120361999433953,6
8,8,250,50,0.7812,0,0.84,42,23,483,2.0531350924208067,0.5448305499885464,8
8,8,250,50,0.7812,1,0.82,41,26,391,2.231155632984901,0.5424342501646606,9
8,8,250,50,0.7812,2,0.76,38,76,472,2.4310776942355887,0.5621561402949737,12
8,8,250,50,0.7812,3,0.98,49,40,585,2.537220602526725,0.49407654034439474,1
8,8,250,50,0.7812,4,0.74,37,20,305,1.9315529815529817,0.5632749600772513,13
8,8,250,50,0.7812,5,0.94,47,35,618,2.8703931411378223,0.5193584597873269,3
8,8,250,50,0.7812,6,0.92,46,30,491,1.9408385093167702,0.49282893000054173,4
8,8,250,50,0.7812,7,0.88,44,61,396,2.069664994096812,0.544051339966245,6
8,8,250,50,0.7812,8,0.96,48,43,614,2.478678902116402,0.48532406974118203,2
8,8,250,50,0.7812,9,0.64,32,16,270,1.8870535714285714,0.4977520296233706,18
8,8,250,50,0.7812,10,0.86,43,21,425,2.035889627168697,0.5177950607321691,7
8,8,250,50,0.7812,11,0.94,47,59,569,2.2573286052009456,0.48590384038107004,3
8,8,250,50,0.7812,12,0.84,42,22,379,2.174512987012987,0.49079276046541054,8
8,8,250,50,0.7812,13,0.82,41,23,425,2.372435829752903,0.5142638699180679,9
8,8,250,50,0.7812,14,0.86,43,29,464,2.414285714285714,0.4942650302837137,7
8,8,250,50,0.7812,15,0.84,42,22,371,1.970247543461829,0.49274700031674,8
8,8,250,50,0.7812,16,0.74,37,29,429,2.1757400257400255,0.511660640113405,13
8,8,250,50,0.7812,17,0.86,43,21,385,1.8084163898117387,0.4892402702535037,7
8,8,250,50,0.7812,18,0.84,42,23,313,1.773497732426304,0.4868459903082112,8
8,8,250,50,0.7812,19,0.9,45,32,506,2.184256854256854,0.4984030203195289,5
8,8,250,50,0.7812,20,0.82,41,21,445,2.116823285115968,0.5084453399467748,9
8,8,250,50,0.7812,21,0.92,46,28,585,2.649311437354916,0.47498408959654626,4
8,8,250,50,0.7812,22,0.82,41,37,474,2.0434791495767106,0.5074261799018132,9
8,8,250,50,0.7812,23,0.72,36,52,469,2.7143047538880873,0.5126928699610289,14
8,8,250,50,0.7812,24,0.8,40,35,411,2.5279563492063493,0.5239720598910935,10
8,8,250,50,0.7812,25,0.9,45,29,556,2.395238095238095,0.5226251799467718,5
8,8,250,50,0.7812,26,0.98,49,32,643,2.2681753054202036,0.4686818100162782,1
8,8,250,50,0.7812,27,0.94,47,34,561,2.473851739277271,0.49730341030226555,3
8,8,250,50,0.7812,28,0.92,46,19,445,2.0571773636991026,0.4961324197938666,4
8,8,250,50,0.7812,29,0.74,37,18,327,2.35487987987988,0.5566767998971045,13
8,8,250,51,0.7969,0,0.8627450980392157,44,28,500,2.4599747474747478,0.5113516998972045,7
8,8,250,51,0.7969,1,0.8431372549019608,43,24,414,2.188353636028055,0.4950061801355332,8
8,8,250,51,0.7969,2,0.9607843137254902,49,64,700,2.382916346691857,0.5051038799138041,2
8,8,250,51,0.7969,3,0.9019607843137255,46,23,447,2.2834988079553296,0.5278294101299252,5
8,8,250,51,0.7969,4,0.7647058823529411,39,23,404,2.349725274725275,0.5402436001895694,12
8,8,250,51,0.7969,5,0.8431372549019608,43,29,463,2.0589818450283564,0.5180087200278649,8
8,8,250,51,0.7969,6,0.9215686274509803,47,29,550,2.4484295845997974,0.48544962955929805,4
8,8,250,51,0.7969,7,0.803921568627451,41,39,396,2.7348696019427727,0.5084616303065559,10
8,8,250,51,0.7969,8,0.9019607843137255,46,34,594,3.2400950498776586,0.4935616390866926,5
8,8,250,51,0.7969,9,0.8627450980392157,44,30,549,2.1713441230486685,0.5054262200428639,7
8,8,250,51,0.7969,10,0.8627450980392157,44,27,518,2.6837316092997914,0.5387599596724613,7
8,8,250,51,0.7969,11,0.8823529411764706,45,35,618,2.652883597883598,0.5313499495969154,6
8,8,250,51,0.7969,12,0.9019607843137255,46,23,463,2.1293478260869567,0.5124676599371014,5
8,8,250,51,0.7969,13,0.9411764705882353,48,41,518,2.1516406047656047,0.5058432500663912,3
8,8,250,51,0.7969,14,0.8431372549019608,43,30,433,2.1285622000738282,0.5248843694425886,8
8,8,250,51,0.7969,15,0.7843137254901961,40,28,430,2.675845057720058,0.5320783798379125,11
8,8,250,51,0.7969,16,0.8627450980392157,44,29,509,2.168299062049062,0.5055507197539555,7
8,8,250,51,0.7969,17,0.8431372549019608,43,22,402,1.803875968992248,0.5589595601486508,8
8,8,250,51,0.7969,18,0.8431372549019608,43,26,412,1.9719336219336219,0.5330365395639092,8
8,8,250,51,0.7969,19,0.9411764705882353,48,32,694,3.042792508417508,0.5148729091888526,3
8,8,250,51,0.7969,20,0.8823529411764706,45,34,606,2.8236453669787003,0.5171090101066511,6
8,8,250,51,0.7969,21,0.8823529411764706,45,30,540,2.594028379028379,0.513086700157146,6
8,8,250,51,0.7969,22,0.7647058823529411,39,26,484,2.882496634419711,0.5527717102086172,12
8,8,250,51,0.7969,23,0.7254901960784313,37,29,461,2.607630357630357,0.5409445700206561,14
8,8,250,51,0.7969,24,0.8627450980392157,44,30,530,2.9406926406926406,0.5173039800138213,7
8,8,250,51,0.7969,25,0.9411764705882353,48,32,565,2.531208664021164,0.4955340600281488,3
8,8,250,51,0.7969,26,0.8235294117647058,42,26,457,2.121636432350718,0.5250136397080496,9
8,8,250,51,0.7969,27,0.9607843137254902,49,25,500,2.295626822157434,0.5201306095113978,2
8,8,250,51,0.7969,28,0.8627450980392157,44,41,600,2.574621212121212,0.5518953698629048,7
8,8,250,51,0.7969,29,0.9411764705882353,48,23,467,2.2308449074074077,0.517329659560346,3
8,8,250,52,0.8125,0,0.8653846153846154,45,21,339,1.7915536315536316,0.5598479697073344,7
8,8,250,52,0.8125,1,0.9230769230769231,48,48,698,3.727331349206349,0.5408652403275482,4
8,8,250,52,0.8125,2,0.7884615384615384,41,33,518,2.493815331010453,0.5588471001101425,11
8,8,250,52,0.8125,3,0.7884615384615384,41,30,404,2.342547425474255,0.5575223403138807,11
8,8,250,52,0.8125,4,0.8076923076923077,42,42,455,2.3928854875283445,0.5639905302814441,10
8,8,250,52,0.8125,5,0.8269230769230769,43,48,657,2.7876771161654883,0.5483833401376614,9
8,8,250,52,0.8125,6,0.9423076923076923,49,36,758,2.6367943281208586,0.5439036498137284,3
8,8,250,52,0.8125,7,0.8846153846153846,46,30,592,2.434483813288161,0.5321167001966387,6
8,8,250,52,0.8125,8,0.8461538461538461,44,24,446,2.565753312344221,0.5294557596789673,8
8,8,250,52,0.8125,9,0.7692307692307693,40,19,318,1.6204265873015875,0.5602740203903522,12
8,8,250,52,0.8125,10,0.8846153846153846,46,25,498,2.237462899419421,0.561343529552687,6
8,8,250,52,0.8125,11,0.9230769230769231,48,48,699,2.723313492063492,0.5554685406241333,4
8,8,250,52,0.8125,12,0.8269230769230769,43,34,485,2.2868401624215577,0.5353952995938016,9
8,8,250,52,0.8125,13,0.9230769230769231,48,41,543,2.165438496688497,0.519679740027641,4
8,8,250,52,0.8125,14,0.8846153846153846,46,29,485,2.0894535416274547,0.6161421498836717,6
8,8,250,52,0.8125,15,0.9038461538461539,47,25,534,2.5021133712623076,0.5400035699130967,5
8,8,250,52,0.8125,16,0.8461538461538461,44,30,541,2.2340040010494557,0.5469432701647747,8
8,8,250,52,0.8125,17,0.8461538461538461,44,28,527,2.482449494949495,0.6154013802733971,8
8,8,250,52,0.8125,18,0.9038461538461539,47,35,532,2.6150233336403548,0.528918469499331,5
8,8,250,52,0.8125,19,0.9230769230769231,48,28,568,2.248496121933622,0.5276365698227892,4
8,8,250,52,0.8125,20,0.9230769230769231,48,27,549,2.305608164983165,0.5539056804263964,4
8,8,250,52,0.8125,21,0.75,39,31,509,3.0995032745032742,0.5620943394751521,13
8,8,250,52,0.8125,22,0.9230769230769231,48,26,548,2.655510461760462,0.5532580603176029,4
8,8,250,52,0.8125,23,0.8846153846153846,46,25,360,1.7493357487922707,0.5545261997758644,6
8,8,250,52,0.8125,24,0.8653846153846154,45,66,585,2.640044091710758,0.5655865900189383,7
8,8,250,52,0.8125,25,0.9230769230769231,48,27,598,2.689989929052429,0.4893904192431364,4
8,8,250,52,0.8125,26,0.8653846153846154,45,42,600,2.333920092253426,0.5266449702321552,7
8,8,250,52,0.8125,27,0.8846153846153846,46,31,505,2.207864357864358,0.5217169704701519,6
8,8,250,52,0.8125,28,0.7884615384615384,41,72,696,3.076634815049449,0.5615676002344117,11
8,8,250,52,0.8125,29,0.9615384615384616,50,34,634,2.3596334776334777,0.5542582298949128,2
8,8,250,53,0.8281,0,0.8679245283018868,46,40,635,3.0454192546583854,0.5752954402123578,7
8,8,250,53,0.8281,1,0.8490566037735849,45,39,630,3.0302044252044253,0.544312029669527,8
8,8,250,53,0.8281,2,0.8301886792452831,44,31,573,2.7441820805457167,0.5832297209417447,9
8,8,250,53,0.8281,3,0.8867924528301887,47,29,478,2.137317705934727,0.5370694601151627,6
8,8,250,53,0.8281,4,0.9056603773584906,48,26,527,2.2414359367484367,0.6401008201646619,5
8,8,250,53,0.8281,5,0.9622641509433962,51,29,702,2.5428840222957874,0.5963646700547542,2
8,8,250,53,0.8281,6,0.7547169811320755,40,26,455,2.038436147186147,0.5863270204281434,13
8,8,250,53,0.8281,7,0.8301886792452831,44,30,542,2.4958087367178274,0.5565649795607897,9
8,8,250,53,0.8281,8,0.8679245283018868,46,32,453,2.352950310559006,0.5607269101892598,7
8,8,250,53,0.8281,9,0.7735849056603774,41,23,400,1.9013259775454896,0.5970241604518378,12
8,8,250,53,0.8281,10,0.8301886792452831,44,26,502,2.375198412698413,0.5766215200128499,9
8,8,250,53,0.8281,11,0.9811320754716981,52,29,628,2.3440746753246753,0.4804848801722983,1
8,8,250,53,0.8281,12,0.8867924528301887,47,40,736,2.9397838568051333,0.5457515604211949,6
8,8,250,53,0.8281,13,0.9433962264150944,50,37,563,2.3098640803640804,0.5404507003549952,3
8,8,250,53,0.8281,14,0.8867924528301887,47,24,591,2.6268735992140244,0.5439249095070409,6
8,8,250,53,0.8281,15,0.9056603773584906,48,37,529,2.1259589947089945,0.5610735592927085,5
8,8,250,53,0.8281,16,0.9433962264150944,50,38,546,1.955640637140637,0.5794058500032406,3
8,8,250,53,0.8281,17,0.8301886792452831,44,25,468,2.6590818903318905,0.5836315403576009,9
8,8,250,53,0.8281,18,0.6981132075471698,37,26,431,2.7815227565227567,0.5502581000473583,16
8,8,250,53,0.8281,19,0.9056603773584906,48,29,575,2.6830462361712364,0.5924127702746773,5
8,8,250,53,0.8281,20,0.9056603773584906,48,28,557,2.380054262866763,0.5249704301240854,5
8,8,250,53,0.8281,21,0.9056603773584906,48,23,539,2.304265873015873,0.5324402099358849,5
8,8,250,53,0.8281,22,0.8490566037735849,45,35,695,2.7108289241622576,0.6412895598623436,8
8,8,250,53,0.8281,23,0.8490566037735849,45,21,363,1.933183421516755,0.5528666596364928,8
8,8,250,53,0.8281,24,0.8113207547169812,43,27,429,2.058222591362126,0.5770365099306218,10
8,8,250,53,0.8281,25,0.9056603773584906,48,48,686,3.1818888287638285,0.5700268101645634,5
8,8,250,53,0.8281,26,0.7924528301886793,42,27,509,2.186933106575964,0.5956108600366861,11
8,8,250,53,0.8281,27,0.9245283018867925,49,24,518,2.3382667785729008,0.5989641099586152,4
8,8,250,53,0.8281,28,0.8679245283018868,46,30,542,2.576069703243616,0.596333090288681,7
8,8,250,53,0.8281,29,0.9433962264150944,50,44,507,1.9881204906204906,0.5369211598008405,3
8,8,250,54,0.8438,0,0.9259259259259259,50,55,766,3.3559761904761904,0.5637080297310604,4
8,8,250,54,0.8438,1,0.8518518518518519,46,22,495,2.6549242424242423,0.5757668802107219,8
8,8,250,54,0.8438,2,0.8333333333333334,45,32,570,2.3924843674843674,0.5719356600457104,9
8,8,250,54,0.8438,3,0.9444444444444444,51,45,757,3.098677248677249,0.564064129939652,3
8,8,250,54,0.8438,4,0.8148148148148148,44,37,419,2.428840351567624,0.5790733598405495,10
8,8,250,54,0.8438,5,0.8703703703703703,47,47,788,3.0590527085207935,0.5612795702472795,7
8,8,250,54,0.8438,6,0.9444444444444444,51,41,768,2.5698200492318137,0.5569905599259073,3
8,8,250,54,0.8438,7,0.8333333333333334,45,32,510,2.2076078242744908,0.5874234700604575,9
8,8,250,54,0.8438,8,0.7777777777777778,42,22,369,2.1513605442176873,0.5906130097719142,12
8,8,250,54,0.8438,9,0.8333333333333334,45,53,666,3.2405908289241623,0.6054724202112993,9
8,8,250,54,0.8438,10,0.9259259259259259,50,57,747,3.105106782106782,0.5687770497752354,4
8,8,250,54,0.8438,11,0.8703703703703703,47,34,626,2.593197936814958,0.5712776300788391,7
8,8,250,54,0.8438,12,0.9074074074074074,49,29,678,3.2028182701652086,0.5679914500069572,5
8,8,250,54,0.8438,13,0.8518518518518519,46,20,468,2.319927536231884,0.614699559591827,8
8,8,250,54,0.8438,14,0.8888888888888888,48,34,598,2.3721560846560847,0.6164458791317884,6
8,8,250,54,0.8438,15,0.8703703703703703,47,34,517,2.428620552024807,0.6142583597102202,7
8,8,250,54,0.8438,16,0.9074074074074074,49,25,483,1.8890176150380231,0.574512200182653,5
8,8,250,54,0.8438,17,0.8518518518518519,46,41,538,2.35703933747412,0.5835194006067468,8
8,8,250,54,0.8438,18,0.8703703703703703,47,47,701,3.212542599244727,0.631156709860079,7
8,8,250,54,0.8438,19,0.9814814814814815,53,26,505,2.0566303193661684,0.5174614898714935,1
8,8,250,54,0.8438,20,0.7962962962962963,43,28,441,1.9965846169334542,0.5798295895510819,11
8,8,250,54,0.8438,21,0.7592592592592593,41,20,350,1.9028164924506388,0.9610829204757465,13
8,8,250,54,0.8438,22,0.8703703703703703,47,24,536,2.143465045592705,0.5526285297673894,7
8,8,250,54,0.8438,23,0.8148148148148148,44,20,421,2.400369769119769,0.5770995897910325,10
8,8,250,54,0.8438,24,0.8703703703703703,47,31,464,2.126342451874367,0.5376310198334977,7
8,8,250,54,0.8438,25,0.8703703703703703,47,35,625,2.583611955420466,0.6630517792655155,7
8,8,250,54,0.8438,26,0.8518518518518519,46,40,547,2.4639406487232574,0.5448314097884577,8
8,8,250,54,0.8438,27,0.9074074074074074,49,30,456,1.9913014989545603,0.5892130098800408,5
8,8,250,54,0.8438,28,0.8518518518518519,46,37,481,2.0501984126984127,0.5709496097551892,8
8,8,250,54,0.8438,29,0.9259259259259259,50,32,667,2.7896984126984123,0.5397848102438729,4
8,8,250,55,0.8594,0,0.8545454545454545,47,21,426,2.12064336372847,0.5820085998857394,8
8,8,250,55,0.8594,1,0.7818181818181819,43,38,491,2.6537920735595155,0.5943538597784936,12
8,8,250,55,0.8594,2,0.8727272727272727,48,41,654,2.8001488095238094,0.5696008197992342,7
8,8,250,55,0.8594,3,0.8363636363636363,46,32,489,2.2706184515967123,0.5760793200170156,9
8,8,250,55,0.8594,4,0.8181818181818182,45,31,592,2.9146143979477315,0.577766389833414,10
8,8,250,55,0.8594,5,0.8909090909090909,49,43,655,2.390027546149995,0.577334130066447,6
8,8,250,55,0.8594,6,0.9454545454545454,52,34,646,2.095738289488289,0.5683209901326336,3
8,8,250,55,0.8594,7,0.9636363636363636,53,47,857,2.9115346917233706,0.6320519296423299,2
8,8,250,55,0.8594,8,0.7636363636363637,42,38,480,2.7223459080601935,0.5910164694796549,13
8,8,250,55,0.8594,9,0.9272727272727272,51,47,699,2.570216711393182,0.571185439985129,4
8,8,250,55,0.8594,10,0.8909090909090909,49,29,578,2.2453477927967724,0.588404769951012,6
8,8,250,55,0.8594,11,0.8909090909090909,49,35,625,2.508391495126189,0.5810831101553049,6
8,8,250,55,0.8594,12,0.8181818181818182,45,34,594,3.1405467372134037,0.6194578901340719,10
8,8,250,55,0.8594,13,0.8909090909090909,49,22,512,2.097277439114174,0.5821116799052106,6
8,8,250,55,0.8594,14,0.8727272727272727,48,23,524,2.3669973544973546,0.6143646199052455,7
8,8,250,55,0.8594,15,0.8363636363636363,46,35,543,2.3590579710144928,0.5914101594680687,9
8,8,250,55,0.8594,16,0.6727272727272727,37,42,470,3.052123552123552,0.5832615703548072,18
8,8,250,55,0.8594,17,0.9818181818181818,54,56,733,2.8068415637860085,0.6075208004040178,1
8,8,250,55,0.8594,18,0.9090909090909091,50,31,703,3.0019906204906204,0.5867760098772123,5
8,8,250,55,0.8594,19,0.9090909090909091,50,34,710,2.523478021978022,0.6340036395704374,5
8,8,250,55,0.8594,20,0.6727272727272727,37,27,393,2.4471256971256974,0.6721709002158605,18
8,8,250,55,0.8594,21,0.8545454545454545,47,37,599,2.8613935709680387,0.603670179771143,8
8,8,250,55,0.8594,22,0.8545454545454545,47,75,624,2.5572695035460993,0.5898095503653167,8
8,8,250,55,0.8594,23,0.8363636363636363,46,68,653,3.074146746972834,0.604237849911442,9
8,8,250,55,0.8594,24,0.7818181818181819,43,24,374,1.9523532668881507,0.5822497000917792,12
8,8,250,55,0.8594,25,0.7090909090909091,39,35,456,2.2554639804639804,0.5962087000079919,16
8,8,250,55,0.8594,26,0.8181818181818182,45,23,469,2.4431128747795414,0.5874355306150392,10
8,8,250,55,0.8594,27,0.8727272727272727,48,42,663,2.6450689935064937,0.5702819995349273,7
8,8,250,55,0.8594,28,0.7636363636363637,42,26,472,1.9793101078815365,0.6029647403920535,13
8,8,250,55,0.8594,29,0.8909090909090909,49,45,699,2.4890861972494625,0.5949118194985203,6
8,8,250,56,0.875,0,0.7678571428571429,43,31,493,2.0113770596328737,0.5936628694325918,13
8,8,250,56,0.875,1,0.9285714285714286,52,44,734,2.9006028693528694,0.6061851103731897,4
8,8,250,56,0.875,2,0.8571428571428571,48,30,631,2.758275462962963,0.6190459098434076,8
8,8,250,56,0.875,3,0.8035714285714286,45,38,622,2.463673240339907,0.649956959678093,11
8,8,250,56,0.875,4,0.875,49,31,580,2.6042870394911213,0.6226843100012047,7
8,8,250,56,0.875,5,0.8571428571428571,48,30,570,2.648363095238095,0.6284796802356141,8
8,8,250,56,0.875,6,0.8571428571428571,48,40,610,2.2984525312650312,0.6134003699116874,8
8,8,250,56,0.875,7,0.9285714285714286,52,46,694,2.82693012116089,0.5937399694812484,4
8,8,250,56,0.875,8,0.9107142857142857,51,34,698,2.665645247998189,0.5545502198219765,5
8,8,250,56,0.875,9,0.8035714285714286,45,26,459,2.5668670835337504,0.594195489975391,11
8,8,250,56,0.875,10,0.8928571428571429,50,26,592,2.2668333333333335,0.6202217797545018,6
8,8,250,56,0.875,11,0.8392857142857143,47,35,517,2.561837217156366,0.6025945297005819,9
8,8,250,56,0.875,12,0.7857142857142857,44,31,564,2.638726551226551,0.6188855905202217,12
8,8,250,56,0.875,13,0.875,49,29,635,2.6049003151043966,0.5861842904414516,7
8,8,250,56,0.875,14,0.9285714285714286,52,39,803,2.877136752136752,0.575435179125634,4
8,8,250,56,0.875,15,0.7321428571428571,41,34,584,2.417862422130715,0.6114538598922081,15
8,8,250,56,0.875,16,0.9285714285714286,52,45,781,3.398538854308085,0.6380316895229043,4
8,8,250,56,0.875,17,0.8392857142857143,47,39,537,2.8371833839918947,0.6294962402171222,9
8,8,250,56,0.875,18,0.875,49,32,565,2.6197256824807846,0.5929135997575941,7
8,8,250,56,0.875,19,0.8928571428571429,50,28,619,2.5469660894660895,0.605386560127954,6
8,8,250,56,0.875,20,0.9285714285714286,52,33,735,3.028597791097791,0.5802578799921321,4
8,8,250,56,0.875,21,0.8392857142857143,47,40,650,2.5418270854441065,0.6183865198545391,9
8,8,250,56,0.875,22,0.875,49,23,483,1.9569065288453042,0.5914753999968525,7
8,8,250,56,0.875,23,0.9107142857142857,51,35,585,2.3883208839091195,0.5978635303472402,5
8,8,250,56,0.875,24,0.6964285714285714,39,22,267,2.2773504273504273,0.5929718202969525,17
8,8,250,56,0.875,25,0.9642857142857143,54,41,877,3.5761744428411095,0.6009285100299167,2
8,8,250,56,0.875,26,0.9464285714285714,53,34,722,2.898787061994609,0.5876148996321717,3
8,8,250,56,0.875,27,0.8571428571428571,48,29,524,2.5048859126984127,0.5882009001652477,8
8,8,250,56,0.875,28,0.8928571428571429,50,39,546,2.2374047619047617,0.6042069399700267,6
8,8,250,56,0.875,29,0.8571428571428571,48,61,698,2.6621069324194324,0.6160324800293893,8
8,8,250,57,0.8906,0,0.8771929824561403,50,35,672,2.4728015873015874,0.6318624996492872,7
8,8,250,57,0.8906,1,0.8771929824561403,50,27,570,2.8016190476190475,0.6066593897412531,7
8,8,250,57,0.8906,2,0.8771929824561403,50,33,643,3.545730158730159,0.6563639299565693,7
8,8,250,57,0.8906,3,0.8421052631578947,48,49,798,3.0436327561327565,0.6587821798893856,9
8,8,250,57,0.8906,4,0.7719298245614035,44,35,639,2.7707242883379246,0.62616724986583,13
8,8,250,57,0.8906,5,0.8421052631578947,48,38,671,2.980151214526215,0.6349024597875541,9
8,8,250,57,0.8906,6,0.8596491228070176,49,47,792,3.305676296492623,0.6141882398515008,8
8,8,250,57,0.8906,7,0.8421052631578947,48,38,820,3.1354775432900435,0.6340034501045011,9
8,8,250,57,0.8906,8,0.8596491228070176,49,43,654,3.5988264569897224,0.625159349583555,8
8,8,250,57,0.8906,9,0.8596491228070176,49,28,593,2.559155696910799,0.639978350372985,8
8,8,250,57,0.8906,10,0.9298245614035088,53,30,693,2.8771114106019766,0.6606404998456128,4
8,8,250,57,0.8906,11,0.8421052631578947,48,30,528,2.536913029100529,0.6552971592464019,9
8,8,250,57,0.8906,12,0.8596491228070176,49,37,694,2.769525429219307,0.8980051899561659,8
8,8,250,57,0.8906,13,0.9122807017543859,52,30,672,2.581764763014763,0.8799275401543127,5
8,8,250,57,0.8906,14,0.9122807017543859,52,40,696,3.074496336996337,0.6916784701752476,5
8,8,250,57,0.8906,15,0.8947368421052632,51,41,681,2.7866861896273663,0.6499969801370753,6
8,8,250,57,0.8906,16,0.9122807017543859,52,37,715,3.013854895104895,0.6787218403042061,5
8,8,250,57,0.8906,17,0.8947368421052632,51,40,723,2.990709617180205,0.6925279900315218,6
8,8,250,57,0.8906,18,0.9122807017543859,52,38,796,3.188621101121101,0.656157470002654,5
8,8,250,57,0.8906,19,0.7543859649122807,43,38,662,3.1918118057652944,0.6772737004212104,14
8,8,250,57,0.8906,20,0.9473684210526315,54,63,817,2.7052890011223347,0.665178490235121,3
8,8,250,57,0.8906,21,0.8070175438596491,46,49,741,3.1796802231584844,0.7125322797219269,11
8,8,250,57,0.8906,22,0.8947368421052632,51,43,814,3.245243427596369,0.6697608895774465,6
8,8,250,57,0.8906,23,0.8771929824561403,50,31,663,2.812230158730159,0.5952207399968756,7
8,8,250,57,0.8906,24,0.9298245614035088,53,57,1038,3.6471255683519836,0.6319920900568832,4
8,8,250,57,0.8906,25,0.8070175438596491,46,28,484,2.1720692954388605,0.6745856403722428,11
8,8,250,57,0.8906,26,0.9298245614035088,53,33,723,2.8156783468104223,0.6255401600355981,4
8,8,250,57,0.8906,27,0.8771929824561403,50,63,884,3.6903253968253966,0.6545443701179465,7
8,8,250,57,0.8906,28,0.9649122807017544,55,31,656,2.3520916961826055,0.6644077701639617,2
8,8,250,57,0.8906,29,0.9473684210526315,54,36,647,2.1080146705146707,0.6518254095863085,3
8,8,250,58,0.9062,0,0.8793103448275862,51,31,627,2.468365730130436,0.6676021500607021,7
8,8,250,58,0.9062,1,0.8103448275862069,47,29,547,2.634498480243161,0.683936279892805,11
8,8,250,58,0.9062,2,0.9137931034482759,53,96,995,4.689108061749572,0.6706755895720562,5
8,8,250,58,0.9062,3,0.8793103448275862,51,36,678,2.432821916645446,0.6812041506782407,7
8,8,250,58,0.9062,4,0.8275862068965517,48,36,603,2.392939814814815,0.6717127897718456,10
8,8,250,58,0.9062,5,0.9310344827586207,54,44,812,3.1762465929132593,0.6623250998381991,4
8,8,250,58,0.9062,6,0.8275862068965517,48,28,599,2.468791335978836,0.6188859901158139,10
8,8,250,58,0.9062,7,0.8275862068965517,48,35,785,2.902943121693122,0.6721128003118793,10
8,8,250,58,0.9062,8,0.9137931034482759,53,29,598,3.096037871981268,0.6518154900550144,5
8,8,250,58,0.9062,9,0.8448275862068966,49,47,569,2.279987189681067,0.6680577697989065,9
8,8,250,58,0.9062,10,0.7586206896551724,44,40,625,3.3440869736324284,0.6658307900215732,14
8,8,250,58,0.9062,11,0.8620689655172413,50,51,767,3.3803484848484846,0.639776459793211,8
8,8,250,58,0.9062,12,0.896551724137931,52,42,769,2.68408744033744,0.6456148798315553,6
8,8,250,58,0.9062,13,0.8620689655172413,50,35,589,2.3662619047619047,0.6973876004485646,8
8,8,250,58,0.9062,14,0.8275862068965517,48,28,444,2.1836467352092352,0.6458428598125465,10
8,8,250,58,0.9062,15,0.8448275862068966,49,45,730,3.33970094531319,0.6401634301437298,9
8,8,250,58,0.9062,16,0.8275862068965517,48,29,582,2.967591841029341,0.648823719820939,10
8,8,250,58,0.9062,17,0.896551724137931,52,40,622,2.4391677766677766,0.7408368100732332,6
8,8,250,58,0.9062,18,0.8793103448275862,51,40,791,3.2127931980873154,0.6347281597845722,7
8,8,250,58,0.9062,19,0.9137931034482759,53,31,746,2.876707097933513,0.6641928595490754,5
8,8,250,58,0.9062,20,0.896551724137931,52,40,861,3.3132104007104006,0.8896153898967896,6
8,8,250,58,0.9062,21,0.8793103448275862,51,30,659,2.7388775712305127,0.7234729102492565,7
8,8,250,58,0.9062,22,0.8793103448275862,51,33,651,2.587861811391223,0.7529283396434039,7
8,8,250,58,0.9062,23,0.9482758620689655,55,51,858,3.360909090909091,0.6986941102513811,3
8,8,250,58,0.9062,24,0.896551724137931,52,37,788,2.9898601398601397,0.7872476293414366,6
8,8,250,58,0.9062,25,0.9655172413793104,56,43,838,3.21358676046176,0.7317119699291652,2
8,8,250,58,0.9062,26,0.9482758620689655,55,34,783,3.007078577987669,0.7100819898187183,3
8,8,250,58,0.9062,27,0.8620689655172413,50,37,788,4.405690476190476,0.7923659001244232,8
8,8,250,58,0.9062,28,0.896551724137931,52,32,758,2.8977917915417915,0.6853898199187825,6
8,8,250,58,0.9062,29,0.7931034482758621,46,41,699,2.8302881297446514,0.6746843805740355,12
8,8,250,59,0.9219,0,0.8983050847457628,53,24,585,2.4262813182624505,0.7357382596092066,6
8,8,250,59,0.9219,1,0.8813559322033898,52,46,729,3.0830815018315016,0.7713083100679796,7
8,8,250,59,0.9219,2,0.9322033898305084,55,59,998,4.5316305916305915,0.7927527706488036,4
8,8,250,59,0.9219,3,0.9152542372881356,54,37,707,2.3682980599647263,0.693659800090245,5
8,8,250,59,0.9219,4,0.8813559322033898,52,51,810,3.4367239598008825,0.7790858897351427,7
8,8,250,59,0.9219,5,0.8813559322033898,52,30,708,3.2174679487179487,0.7161648303736001,7
8,8,250,59,0.9219,6,0.7966101694915254,47,27,686,3.1279297534616686,0.6422755399398739,12
8,8,250,59,0.9219,7,0.8813559322033898,52,44,1058,3.801805833055833,0.6594383895571809,7
8,8,250,59,0.9219,8,0.8135593220338984,48,30,553,2.302087842712843,0.7057988997985376,11
8,8,250,59,0.9219,9,0.8813559322033898,52,40,792,2.9604638417138416,0.7755254994845018,7
8,8,250,59,0.9219,10,0.9152542372881356,54,46,876,2.8874552916219582,0.7296617105748737,5
8,8,250,59,0.9219,11,0.8983050847457628,53,47,814,3.1317051397240077,0.671582969953306,6
8,8,250,59,0.9219,12,0.9152542372881356,54,37,802,2.547463390518946,0.6984140700660646,5
8,8,250,59,0.9219,13,0.8983050847457628,53,38,767,2.891905578698031,0.7122146400797646,6
8,8,250,59,0.9219,14,0.9152542372881356,54,52,778,3.213847469403025,0.7607166098023299,5
8,8,250,59,0.9219,15,0.7288135593220338,43,26,558,3.069230511090976,0.6548402902990347,16
8,8,250,59,0.9219,16,0.8983050847457628,53,52,734,2.6325771188978737,0.7069481201324379,6
8,8,250,59,0.9219,17,0.864406779661017,51,31,746,3.376156523215347,0.7099446494976291,8
8,8,250,59,0.9219,18,0.9661016949152542,57,40,981,3.3832092858408647,0.723869319917867,2
8,8,250,59,0.9219,19,0.9152542372881356,54,38,834,2.9408255838811392,0.6599540296156192,5
8,8,250,59,0.9219,20,0.9322033898305084,55,38,837,2.9835747081201625,0.7714024998858804,4
8,8,250,59,0.9219,21,0.9322033898305084,55,54,887,3.290260396169487,0.7000502698792843,4
8,8,250,59,0.9219,22,0.9491525423728814,56,40,712,2.3933460884353743,0.881647910355241,3
8,8,250,59,0.9219,23,0.847457627118644,50,38,753,2.9662228327228326,0.9010890797071625,9
8,8,250,59,0.9219,24,0.8813559322033898,52,53,821,3.143065268065268,0.8913859805034008,7
8,8,250,59,0.9219,25,0.9322033898305084,55,35,818,2.9951941492850582,0.831542520536459,4
8,8,250,59,0.9219,26,0.8983050847457628,53,38,641,2.6766084020801,0.7157069903041702,6
8,8,250,59,0.9219,27,0.9322033898305084,55,38,840,3.196429227338318,1.063304439667263,4
8,8,250,59,0.9219,28,0.9661016949152542,57,38,845,2.9256935072724546,1.0311476197239244,2
8,8,250,59,0.9219,29,0.9491525423728814,56,33,768,2.773639455782313,0.8327490798546933,3
8,8,250,60,0.9375,0,0.9666666666666667,58,35,690,2.2678501575053303,0.7374892101506703,2
8,8,250,60,0.9375,1,0.9166666666666666,55,40,638,2.547171717171717,0.8229809897602536,5
8,8,250,60,0.9375,2,0.9,54,72,1005,4.48106127411683,0.9299785702023655,6
8,8,250,60,0.9375,3,0.9,54,76,898,3.0579144620811287,0.7129117199656321,6
8,8,250,60,0.9375,4,0.9333333333333333,56,50,854,3.4768126714555287,0.7605087696720148,4
8,8,250,60,0.9375,5,0.8,48,42,686,2.8773758648758645,0.7493168299697572,12
8,8,250,60,0.9375,6,0.7666666666666667,46,40,586,3.4934265010351964,0.7459585601463914,14
8,8,250,60,0.9375,7,0.9333333333333333,56,57,967,3.50650074132217,0.7129464995523449,4
8,8,250,60,0.9375,8,0.85,51,60,787,2.8873610050080636,0.7221681600640295,9
8,8,250,60,0.9375,9,0.8333333333333334,50,30,603,2.7825396825396824,0.7693733201449504,10
8,8,250,60,0.9375,10,0.9166666666666666,55,48,1016,3.4261447643265828,0.7140988301398465,5
8,8,250,60,0.9375,11,0.9166666666666666,55,47,913,3.2771061261970353,0.7316816196544096,5
8,8,250,60,0.9375,12,0.95,57,53,885,2.9179524179524177,0.7638315000076545,3
8,8,250,60,0.9375,13,0.85,51,49,683,2.8798291033585155,0.7326492200809298,9
8,8,250,60,0.9375,14,0.8833333333333333,53,43,750,4.205405810122791,0.7000206397060538,7
8,8,250,60,0.9375,15,0.9166666666666666,55,42,792,3.8102092352092356,0.7575316997099435,5
8,8,250,60,0.9375,16,0.9333333333333333,56,33,761,2.859093783200926,0.8196825799677754,4
8,8,250,60,0.9375,17,0.8833333333333333,53,37,749,2.75994990334613,0.7973969702288741,7
8,8,250,60,0.9375,18,0.8666666666666667,52,36,638,2.674409618159618,0.8236792802927084,8
8,8,250,60,0.9375,19,0.8833333333333333,53,38,734,3.097798742138365,0.7413535900559509,7
8,8,250,60,0.9375,20,0.95,57,42,1071,3.26109022556391,0.7510165502753807,3
8,8,250,60,0.9375,21,0.9166666666666666,55,53,766,3.337683982683983,0.7052412200573599,5
8,8,250,60,0.9375,22,0.9333333333333333,56,37,730,2.6642232271696558,0.7165394697221927,4
8,8,250,60,0.9375,23,0.9833333333333333,59,50,915,2.8946482895635435,0.6716051998228068,1
8,8,250,60,0.9375,24,0.8833333333333333,53,47,1010,3.7395055678074547,0.7683555096446071,7
8,8,250,60,0.9375,25,0.9666666666666667,58,47,930,3.1565586712138436,0.7071262199315242,2
8,8,250,60,0.9375,26,0.8833333333333333,53,42,761,3.0151978001034605,0.7078828496742062,7
8,8,250,60,0.9375,27,0.9333333333333333,56,47,997,3.758094336219336,0.7081975099572446,4
8,8,250,60,0.9375,28,0.95,57,49,882,2.8987929224771327,0.6989014697319362,3
8,8,250,60,0.9375,29,0.85,51,47,809,4.021311858076563,0.7053098297183169,9
8,8,250,61,0.9531,0,0.8852459016393442,54,35,789,3.281405991128213,1.0472879001463298,7
8,8,250,61,0.9531,1,0.9508196721311475,58,41,811,2.7741827138378863,0.7882876895018853,3
8,8,250,61,0.9531,2,0.8852459016393442,54,43,834,3.2629151712485047,0.7939542094391072,7
8,8,250,61,0.9531,3,0.9672131147540983,59,48,1004,3.8744619316653215,0.8057683903462021,2
8,8,250,61,0.9531,4,0.9836065573770492,60,58,1049,3.934923271173271,0.7046689096023329,1
8,8,250,61,0.9531,5,0.9672131147540983,59,45,953,3.123116149387336,0.7727632801106665,2
8,8,250,61,0.9531,6,0.8852459016393442,54,47,803,3.461023595745818,0.7191969799896469,7
8,8,250,61,0.9531,7,0.9016393442622951,55,50,944,3.5652308802308803,0.7496985002217116,6
8,8,250,61,0.9531,8,0.819672131147541,50,27,612,2.5589848484848488,0.7370371998695191,11
8,8,250,61,0.9531,9,0.9508196721311475,58,45,844,3.148494800218938,0.72674206996453,3
8,8,250,61,0.9531,10,0.9672131147540983,59,49,991,3.2490174138479224,0.721205120353261,2
8,8,250,61,0.9531,11,0.8032786885245902,49,33,793,3.2599368318756072,0.7917000805173302,12
8,8,250,61,0.9531,12,0.9180327868852459,56,37,797,3.2339420995670993,0.8209842800715705,5
8,8,250,61,0.9531,13,0.9672131147540983,59,93,1052,3.710721011568469,0.8206113804772031,2
8,8,250,61,0.9531,14,0.9016393442622951,55,39,779,2.967140889413617,0.8294390194350854,6
8,8,250,61,0.9531,15,0.9344262295081968,57,40,907,3.4290866054023947,0.7576093101670267,4
8,8,250,61,0.9531,16,0.9180327868852459,56,34,874,3.182920403009689,0.8662235797237372,5
8,8,250,61,0.9531,17,0.8852459016393442,54,45,735,2.928938859494415,0.7262323698523687,7
8,8,250,61,0.9531,18,0.9344262295081968,57,33,772,2.5739538239538238,0.7669814498513006,4
8,8,250,61,0.9531,19,0.819672131147541,50,41,765,2.9600079365079366,0.734124759765109,11
8,8,250,61,0.9531,20,0.8360655737704918,51,29,618,2.690040460628696,0.7957897800952196,10
8,8,250,61,0.9531,21,0.7704918032786885,47,24,514,2.523821037118909,0.8152559796144487,14
8,8,250,61,0.9531,22,0.9016393442622951,55,54,844,2.7804040404040404,0.7464009301475016,6
8,8,250,61,0.9531,23,0.8852459016393442,54,43,808,3.2114391267169045,0.7353794401569758,7
8,8,250,61,0.9531,24,0.9016393442622951,55,57,1096,3.9279089597271417,0.744108650033013,6
8,8,250,61,0.9531,25,0.8688524590163934,53,49,833,3.271241389637616,0.7520584196754498,8
8,8,250,61,0.9531,26,0.8688524590163934,53,40,769,2.943781480573933,0.8260553298896411,8
8,8,250,61,0.9531,27,0.9180327868852459,56,65,1061,3.661996882086168,1.041204139837646,5
8,8,250,61,0.9531,28,0.7377049180327869,45,44,678,2.9999348182681516,0.7808476000354858,16
8,8,250,61,0.9531,29,0.8852459016393442,54,48,946,3.9692539456428344,0.794822930402006,7
8,8,250,62,0.9688,0,0.9193548387096774,57,48,989,3.873078529657477,0.8082553503481904,5
8,8,250,62,0.9688,1,0.9193548387096774,57,42,789,2.719185590238222,0.788997740164632,5
8,8,250,62,0.9688,2,0.8387096774193549,52,95,741,3.1887820512820513,0.7422703201882541,10
8,8,250,62,0.9688,3,0.9354838709677419,58,50,811,2.9703338806787083,0.8046942497458076,4
8,8,250,62,0.9688,4,0.967741935483871,60,60,1215,3.8613352388352387,0.8558567100408254,2
8,8,250,62,0.9688,5,0.8225806451612904,51,32,841,3.160567156155391,0.7791450097283814,11
8,8,250,62,0.9688,6,0.8548387096774194,53,51,932,3.8740116801437554,0.8545362198492512,9
8,8,250,62,0.9688,7,0.9032258064516129,56,42,840,3.6799216656359515,0.8031457992183277,6
8,8,250,62,0.9688,8,0.8709677419354839,54,42,796,3.393716931216931,1.025180440119584,8
8,8,250,62,0.9688,9,0.8387096774193549,52,44,667,2.457398157398157,0.8099333701829892,10
8,8,250,62,0.9688,10,0.9354838709677419,58,70,1161,4.572197342886998,0.8563481597957434,4
8,8,250,62,0.9688,11,0.9193548387096774,57,42,834,2.7128262575631,0.7756990504276473,5
8,8,250,62,0.9688,12,0.8709677419354839,54,48,741,3.200987387098498,0.7923160610516788,8
8,8,250,62,0.9688,13,0.8709677419354839,54,45,1088,3.6459362139917695,0.8002203897194704,8
8,8,250,62,0.9688,14,0.8709677419354839,54,46,1020,3.7518131045908825,0.8037814398994669,8
8,8,250,62,0.9688,15,0.9032258064516129,56,37,798,2.963537157287157,0.7816458000161219,6
8,8,250,62,0.9688,16,0.9354838709677419,58,53,984,3.441388018112156,0.9847297002852429,4
8,8,250,62,0.9688,17,0.9193548387096774,57,54,1104,3.8480405559352926,0.7898006101459032,5
8,8,250,62,0.9688,18,0.9193548387096774,57,77,1154,4.539937596516544,0.8067064999340801,5
8,8,250,62,0.9688,19,0.8870967741935484,55,44,997,3.178156843156843,0.7715890498366207,7
8,8,250,62,0.9688,20,0.8709677419354839,54,42,810,3.7154467960023516,0.9064851897710469,8
8,8,250,62,0.9688,21,0.9516129032258065,59,55,1020,3.6055390466407413,0.8944867399986833,3
8,8,250,62,0.9688,22,0.8548387096774194,53,39,874,3.495612458820006,0.9439853703224799,9
8,8,250,62,0.9688,23,0.9354838709677419,58,80,962,3.3705067920585163,0.8743670098192524,4
8,8,250,62,0.9688,24,0.9354838709677419,58,48,909,3.570647360302533,0.8485643404128496,4
8,8,250,62,0.9688,25,0.9032258064516129,56,46,1049,4.116892135642136,1.1270725393114844,6
8,8,250,62,0.9688,26,0.9516129032258065,59,35,844,3.360467263433365,1.256813970321673,3
8,8,250,62,0.9688,27,0.9032258064516129,56,37,756,3.2307752267573697,0.8573202705883887,6
8,8,250,62,0.9688,28,0.9193548387096774,57,57,1085,3.78999455709982,1.0095310998440254,5
8,8,250,62,0.9688,29,0.8064516129032258,50,40,699,3.324508658008658,1.0822693299269304,12
8,8,250,63,0.9844,0,0.9365079365079365,59,77,1083,4.360949690610708,1.2892352895869408,4
8,8,250,63,0.9844,1,0.9206349206349206,58,38,924,3.2184952978056427,1.0002786597033264,5
8,8,250,63,0.9844,2,0.8571428571428571,54,47,874,2.8881179520068407,0.9293945896206424,9
8,8,250,63,0.9844,3,0.9841269841269841,62,62,1153,4.109737350463157,1.2146375496377004,1
8,8,250,63,0.9844,4,0.9047619047619048,57,47,832,3.3164628743576112,1.1244850301591214,6
8,8,250,63,0.9844,5,1.0,63,49,954,3.2854674866579625,1.3337242994020926,0
8,8,250,63,0.9844,6,0.8888888888888888,56,52,942,4.621626984126984,1.1519070102804108,7
8,8,250,63,0.9844,7,0.9206349206349206,58,56,1105,3.5550287356321837,1.0648191504151328,5
8,8,250,63,0.9844,8,0.9206349206349206,58,53,1105,3.5007774792257553,1.1782899602985708,5
8,8,250,63,0.9844,9,0.7619047619047619,48,30,677,3.0529679232804234,0.9741665099136299,15
8,8,250,63,0.9844,10,0.7142857142857143,45,29,534,3.1206653839987175,0.9187484104040777,18
8,8,250,63,0.9844,11,0.9047619047619048,57,55,931,3.364656298866825,0.9055734901630785,6
8,8,250,63,0.9844,12,0.8571428571428571,54,51,1059,4.204528598973043,0.9736533198156394,9
8,8,250,63,0.9844,13,0.873015873015873,55,61,937,3.7164462809917356,1.1941417101479601,8
8,8,250,63,0.9844,14,0.8571428571428571,54,40,730,3.2146344396344397,1.0704754902690183,9
8,8,250,63,0.9844,15,0.9682539682539683,61,65,1229,4.010517942894992,1.1257386703800876,2
8,8,250,63,0.9844,16,0.9523809523809523,60,48,1287,4.423578042328042,0.9796174897201126,3
8,8,250,63,0.9844,17,0.9682539682539683,61,91,1442,5.180048139474369,0.9384364004654344,2
8,8,250,63,0.9844,18,0.9523809523809523,60,43,891,3.2093349705849703,0.8385692002775613,3
8,8,250,63,0.9844,19,0.8888888888888888,56,42,899,3.510427618016904,0.8670031802466838,7
8,8,250,63,0.9844,20,0.8888888888888888,56,52,1052,4.089554988662131,0.8980373899976257,7
8,8,250,63,0.9844,21,0.8571428571428571,54,45,921,4.662352359574582,0.9548320901376428,9
8,8,250,63,0.9844,22,0.9206349206349206,58,38,885,2.7723049460118427,0.910119489999488,5
8,8,250,63,0.9844,23,0.8412698412698413,53,31,681,3.1188903863432165,0.8743416005017934,10
8,8,250,63,0.9844,24,0.8412698412698413,53,30,748,3.2323348035612187,1.0385948402108625,10
8,8,250,63,0.9844,25,0.9365079365079365,59,42,902,3.120374446645633,0.8938486004626611,4
8,8,250,63,0.9844,26,0.6825396825396826,43,39,535,2.788012181616833,0.9118273797503207,20
8,8,250,63,0.9844,27,0.9682539682539683,61,47,944,2.7680534856764365,0.9155709698825376,2
8,8,250,63,0.9844,28,0.9365079365079365,59,42,931,3.7737642771541076,0.8778707999590551,4
8,8,250,63,0.9844,29,0.8253968253968254,52,38,809,3.2677884615384616,0.9058933902269928,11
8,8,250,64,1.0,0,0.890625,57,70,1217,4.3754626465152775,1.1751452202588553,7
8,8,250,64,1.0,1,0.921875,59,48,1103,3.509177733754005,0.9360281000408577,5
8,8,250,64,1.0,2,0.90625,58,89,1184,3.613332213763248,1.1597717500990257,6
8,8,250,64,1.0,3,0.875,56,35,883,3.9129818594104306,0.9055495599750429,8
8,8,250,64,1.0,4,0.9375,60,61,1249,3.8188888888888886,1.1735473200678825,4
8,8,250,64,1.0,5,0.8125,52,42,811,3.320795177045177,1.0477179798181169,12
8,8,250,64,1.0,6,0.96875,62,98,1580,4.648060094027836,1.21900954953162,2
8,8,250,64,1.0,7,0.9375,60,67,1402,4.377936507936508,1.0129060898179887,4
8,8,250,64,1.0,8,0.90625,58,54,1242,4.434202866099418,0.9392276601283811,6
8,8,250,64,1.0,9,0.890625,57,54,1421,5.332031467557783,1.0337040798185626,7
8,8,250,64,1.0,10,0.890625,57,48,1144,4.020279233437129,1.0941685006400803,7
8,8,250,64,1.0,11,0.9375,60,68,1267,4.927499999999999,1.0709273799875518,4
8,8,250,64,1.0,12,0.96875,62,91,1604,6.092805671031477,1.260776429917314,2
8,8,250,64,1.0,13,0.90625,58,58,1096,4.237118102204309,1.0333416402136208,6
8,8,250,64,1.0,14,0.96875,62,71,1370,4.579099753293302,0.9640569993644021,2
8,8,250,64,1.0,15,0.9375,60,98,1593,5.91704846079846,1.085733419895405,4
8,8,250,64,1.0,16,0.96875,62,50,1223,3.3579318530931435,1.0909834907215554,2
8,8,250,64,1.0,17,0.71875,46,41,724,4.057272256728779,0.9178970701759681,18
8,8,250,64,1.0,18,0.96875,62,69,1198,4.00890525245364,1.1675042098067934,2
8,8,250,64,1.0,19,0.96875,62,60,1064,4.326862519201229,1.020373400315293,2
8,8,250,64,1.0,20,0.875,56,44,1077,3.642736678004535,0.9167940498446114,8
8,8,250,64,1.0,21,0.859375,55,47,983,3.886831300013118,0.9322340697690379,9
8,8,250,64,1.0,22,0.96875,62,94,1490,4.072523041474654,1.2115302801976213,2
8,8,250,64,1.0,23,0.9375,60,94,1202,4.203651996151996,1.235985170060303,4
8,8,250,64,1.0,24,0.90625,58,52,1200,3.910084216549734,1.1251679498673184,6
8,8,250,64,1.0,25,0.9375,60,95,1533,5.012701788951789,1.2939014899166068,4
8,8,250,64,1.0,26,0.796875,51,39,813,3.6697556800497977,0.9113824901578482,13
8,8,250,64,1.0,27,0.9375,60,54,1162,4.335297619047619,0.967033490378526,4
8,8,250,64,1.0,28,0.8125,52,45,847,3.741002747252747,0.9586638899054378,12
8,8,250,64,1.0,29,0.9375,60,71,1289,4.285636724386724,1.077899929805426,4
